// Validating benchmarks:
// ***** BenchmarkRunner: Start   *****
// ***** Found 9 benchmark(s) in total *****
// ***** Building 1 exe(s) in Parallel: Start   *****
// start dotnet  restore /p:UseSharedCompilation=false /p:BuildInParallel=false /m:1 /p:Deterministic=true /p:Optimize=true /p:IntermediateOutputPath="/home/i/GitHub/IAFahim.CS.New/bench/IAFahim.Collections.NoDeps.Bench/bin/Release/net10.0/eee09001-c141-4ddc-853b-7ed6017e7d3a/obj/Release/net10.0/" /p:OutDir="/home/i/GitHub/IAFahim.CS.New/bench/IAFahim.Collections.NoDeps.Bench/bin/Release/net10.0/eee09001-c141-4ddc-853b-7ed6017e7d3a/bin/Release/net10.0/" /p:OutputPath="/home/i/GitHub/IAFahim.CS.New/bench/IAFahim.Collections.NoDeps.Bench/bin/Release/net10.0/eee09001-c141-4ddc-853b-7ed6017e7d3a/bin/Release/net10.0/" in /home/i/GitHub/IAFahim.CS.New/bench/IAFahim.Collections.NoDeps.Bench/bin/Release/net10.0/eee09001-c141-4ddc-853b-7ed6017e7d3a
// command took 0.67 sec and exited with 0
// start dotnet  build -c Release --no-restore /p:UseSharedCompilation=false /p:BuildInParallel=false /m:1 /p:Deterministic=true /p:Optimize=true /p:IntermediateOutputPath="/home/i/GitHub/IAFahim.CS.New/bench/IAFahim.Collections.NoDeps.Bench/bin/Release/net10.0/eee09001-c141-4ddc-853b-7ed6017e7d3a/obj/Release/net10.0/" /p:OutDir="/home/i/GitHub/IAFahim.CS.New/bench/IAFahim.Collections.NoDeps.Bench/bin/Release/net10.0/eee09001-c141-4ddc-853b-7ed6017e7d3a/bin/Release/net10.0/" /p:OutputPath="/home/i/GitHub/IAFahim.CS.New/bench/IAFahim.Collections.NoDeps.Bench/bin/Release/net10.0/eee09001-c141-4ddc-853b-7ed6017e7d3a/bin/Release/net10.0/" --output "/home/i/GitHub/IAFahim.CS.New/bench/IAFahim.Collections.NoDeps.Bench/bin/Release/net10.0/eee09001-c141-4ddc-853b-7ed6017e7d3a/bin/Release/net10.0/" in /home/i/GitHub/IAFahim.CS.New/bench/IAFahim.Collections.NoDeps.Bench/bin/Release/net10.0/eee09001-c141-4ddc-853b-7ed6017e7d3a
// command took 4.16 sec and exited with 0
// ***** Done, took 00:00:04 (4.86 sec)   *****
// Found 9 benchmarks:
//   NativeArrayBench.DirectPointer: Job-MTGEDH(InvocationCount=1, UnrollFactor=1) [N=64]
//   NativeArrayBench.NativeArray_ReadOnly: Job-MTGEDH(InvocationCount=1, UnrollFactor=1) [N=64]
//   NativeArrayBench.NativeArray_Persistent: Job-MTGEDH(InvocationCount=1, UnrollFactor=1) [N=64]
//   NativeArrayBench.DirectPointer: Job-MTGEDH(InvocationCount=1, UnrollFactor=1) [N=256]
//   NativeArrayBench.NativeArray_ReadOnly: Job-MTGEDH(InvocationCount=1, UnrollFactor=1) [N=256]
//   NativeArrayBench.NativeArray_Persistent: Job-MTGEDH(InvocationCount=1, UnrollFactor=1) [N=256]
//   NativeArrayBench.DirectPointer: Job-MTGEDH(InvocationCount=1, UnrollFactor=1) [N=1024]
//   NativeArrayBench.NativeArray_ReadOnly: Job-MTGEDH(InvocationCount=1, UnrollFactor=1) [N=1024]
//   NativeArrayBench.NativeArray_Persistent: Job-MTGEDH(InvocationCount=1, UnrollFactor=1) [N=1024]

// **************************
// Benchmark: NativeArrayBench.DirectPointer: Job-MTGEDH(InvocationCount=1, UnrollFactor=1) [N=64]
// *** Execute ***
// Launch: 1 / 1
// Execute: dotnet eee09001-c141-4ddc-853b-7ed6017e7d3a.dll --anonymousPipes 118 119 --benchmarkName "IAFahim.Collections.NoDeps.Bench.NativeArrayBench.DirectPointer(N: 64)" --job "InvocationCount=1, UnrollFactor=1" --benchmarkId 0 in /home/i/GitHub/IAFahim.CS.New/bench/IAFahim.Collections.NoDeps.Bench/bin/Release/net10.0/eee09001-c141-4ddc-853b-7ed6017e7d3a/bin/Release/net10.0
// Failed to set up high priority (Permission denied). In order to run benchmarks with high priority, make sure you have the right permissions.
// BeforeAnythingElse

// Benchmark Process Environment Information:
// BenchmarkDotNet v0.14.0
// Runtime=.NET 10.0.7 (10.0.726.21808), X64 RyuJIT AVX2
// GC=Concurrent Workstation
// HardwareIntrinsics=AVX2,AES,BMI1,BMI2,FMA,LZCNT,PCLMUL,POPCNT,AvxVnni,SERIALIZE VectorSize=256
// Job: Job-JFOJQV(InvocationCount=1, UnrollFactor=1)

OverheadJitting  1: 1 op, 151641.00 ns, 151.6410 us/op
WorkloadJitting  1: 1 op, 145962.00 ns, 145.9620 us/op

OverheadWarmup   1: 1 op, 158.00 ns, 158.0000 ns/op
OverheadWarmup   2: 1 op, 99.00 ns, 99.0000 ns/op
OverheadWarmup   3: 1 op, 37.00 ns, 37.0000 ns/op
OverheadWarmup   4: 1 op, 27.00 ns, 27.0000 ns/op
OverheadWarmup   5: 1 op, 90.00 ns, 90.0000 ns/op
OverheadWarmup   6: 1 op, 61.00 ns, 61.0000 ns/op
OverheadWarmup   7: 1 op, 36.00 ns, 36.0000 ns/op
OverheadWarmup   8: 1 op, 55.00 ns, 55.0000 ns/op
OverheadWarmup   9: 1 op, 34.00 ns, 34.0000 ns/op

OverheadActual   1: 1 op, 157.00 ns, 157.0000 ns/op
OverheadActual   2: 1 op, 169.00 ns, 169.0000 ns/op
OverheadActual   3: 1 op, 154.00 ns, 154.0000 ns/op
OverheadActual   4: 1 op, 92.00 ns, 92.0000 ns/op
OverheadActual   5: 1 op, 112.00 ns, 112.0000 ns/op
OverheadActual   6: 1 op, 75.00 ns, 75.0000 ns/op
OverheadActual   7: 1 op, 37.00 ns, 37.0000 ns/op
OverheadActual   8: 1 op, 36.00 ns, 36.0000 ns/op
OverheadActual   9: 1 op, 36.00 ns, 36.0000 ns/op
OverheadActual  10: 1 op, 49.00 ns, 49.0000 ns/op
OverheadActual  11: 1 op, 35.00 ns, 35.0000 ns/op
OverheadActual  12: 1 op, 34.00 ns, 34.0000 ns/op
OverheadActual  13: 1 op, 35.00 ns, 35.0000 ns/op
OverheadActual  14: 1 op, 35.00 ns, 35.0000 ns/op
OverheadActual  15: 1 op, 49.00 ns, 49.0000 ns/op
OverheadActual  16: 1 op, 35.00 ns, 35.0000 ns/op
OverheadActual  17: 1 op, 35.00 ns, 35.0000 ns/op
OverheadActual  18: 1 op, 127.00 ns, 127.0000 ns/op
OverheadActual  19: 1 op, 64.00 ns, 64.0000 ns/op
OverheadActual  20: 1 op, 45.00 ns, 45.0000 ns/op

WorkloadWarmup   1: 1 op, 584.00 ns, 584.0000 ns/op
WorkloadWarmup   2: 1 op, 491.00 ns, 491.0000 ns/op
WorkloadWarmup   3: 1 op, 447.00 ns, 447.0000 ns/op
WorkloadWarmup   4: 1 op, 433.00 ns, 433.0000 ns/op
WorkloadWarmup   5: 1 op, 434.00 ns, 434.0000 ns/op
WorkloadWarmup   6: 1 op, 419.00 ns, 419.0000 ns/op
WorkloadWarmup   7: 1 op, 437.00 ns, 437.0000 ns/op
WorkloadWarmup   8: 1 op, 416.00 ns, 416.0000 ns/op

// BeforeActualRun
WorkloadActual   1: 1 op, 591.00 ns, 591.0000 ns/op
WorkloadActual   2: 1 op, 459.00 ns, 459.0000 ns/op
WorkloadActual   3: 1 op, 438.00 ns, 438.0000 ns/op
WorkloadActual   4: 1 op, 427.00 ns, 427.0000 ns/op
WorkloadActual   5: 1 op, 437.00 ns, 437.0000 ns/op
WorkloadActual   6: 1 op, 425.00 ns, 425.0000 ns/op
WorkloadActual   7: 1 op, 423.00 ns, 423.0000 ns/op
WorkloadActual   8: 1 op, 434.00 ns, 434.0000 ns/op
WorkloadActual   9: 1 op, 431.00 ns, 431.0000 ns/op
WorkloadActual  10: 1 op, 425.00 ns, 425.0000 ns/op
WorkloadActual  11: 1 op, 447.00 ns, 447.0000 ns/op
WorkloadActual  12: 1 op, 421.00 ns, 421.0000 ns/op
WorkloadActual  13: 1 op, 430.00 ns, 430.0000 ns/op
WorkloadActual  14: 1 op, 437.00 ns, 437.0000 ns/op
WorkloadActual  15: 1 op, 439.00 ns, 439.0000 ns/op
WorkloadActual  16: 1 op, 437.00 ns, 437.0000 ns/op

// AfterActualRun
WorkloadResult   1: 1 op, 391.00 ns, 391.0000 ns/op
WorkloadResult   2: 1 op, 380.00 ns, 380.0000 ns/op
WorkloadResult   3: 1 op, 390.00 ns, 390.0000 ns/op
WorkloadResult   4: 1 op, 378.00 ns, 378.0000 ns/op
WorkloadResult   5: 1 op, 376.00 ns, 376.0000 ns/op
WorkloadResult   6: 1 op, 387.00 ns, 387.0000 ns/op
WorkloadResult   7: 1 op, 384.00 ns, 384.0000 ns/op
WorkloadResult   8: 1 op, 378.00 ns, 378.0000 ns/op
WorkloadResult   9: 1 op, 400.00 ns, 400.0000 ns/op
WorkloadResult  10: 1 op, 374.00 ns, 374.0000 ns/op
WorkloadResult  11: 1 op, 383.00 ns, 383.0000 ns/op
WorkloadResult  12: 1 op, 390.00 ns, 390.0000 ns/op
WorkloadResult  13: 1 op, 392.00 ns, 392.0000 ns/op
WorkloadResult  14: 1 op, 390.00 ns, 390.0000 ns/op
// GC:  0 0 0 64 1
// Threading:  0 0 1

// AfterAll
// Benchmark Process 256219 has exited with code 0.

Mean = 385.214 ns, StdErr = 1.987 ns (0.52%), N = 14, StdDev = 7.434 ns
Min = 374.000 ns, Q1 = 378.500 ns, Median = 385.500 ns, Q3 = 390.000 ns, Max = 400.000 ns
IQR = 11.500 ns, LowerFence = 361.250 ns, UpperFence = 407.250 ns
ConfidenceInterval = [376.829 ns; 393.600 ns] (CI 99.9%), Margin = 8.386 ns (2.18% of Mean)
Skewness = 0.17, Kurtosis = 1.91, MValue = 2

// ** Remained 8 (88.9%) benchmark(s) to run. Estimated finish 2026-05-17 19:31 (0h 0m from now) **
// **************************
// Benchmark: NativeArrayBench.NativeArray_ReadOnly: Job-MTGEDH(InvocationCount=1, UnrollFactor=1) [N=64]
// *** Execute ***
// Launch: 1 / 1
// Execute: dotnet eee09001-c141-4ddc-853b-7ed6017e7d3a.dll --anonymousPipes 118 119 --benchmarkName "IAFahim.Collections.NoDeps.Bench.NativeArrayBench.NativeArray_ReadOnly(N: 64)" --job "InvocationCount=1, UnrollFactor=1" --benchmarkId 1 in /home/i/GitHub/IAFahim.CS.New/bench/IAFahim.Collections.NoDeps.Bench/bin/Release/net10.0/eee09001-c141-4ddc-853b-7ed6017e7d3a/bin/Release/net10.0
// Failed to set up high priority (Permission denied). In order to run benchmarks with high priority, make sure you have the right permissions.
// BeforeAnythingElse

// Benchmark Process Environment Information:
// BenchmarkDotNet v0.14.0
// Runtime=.NET 10.0.7 (10.0.726.21808), X64 RyuJIT AVX2
// GC=Concurrent Workstation
// HardwareIntrinsics=AVX2,AES,BMI1,BMI2,FMA,LZCNT,PCLMUL,POPCNT,AvxVnni,SERIALIZE VectorSize=256
// Job: Job-TVWOVR(InvocationCount=1, UnrollFactor=1)

OverheadJitting  1: 1 op, 154044.00 ns, 154.0440 us/op
WorkloadJitting  1: 1 op, 549529.00 ns, 549.5290 us/op

OverheadWarmup   1: 1 op, 168.00 ns, 168.0000 ns/op
OverheadWarmup   2: 1 op, 147.00 ns, 147.0000 ns/op
OverheadWarmup   3: 1 op, 34.00 ns, 34.0000 ns/op
OverheadWarmup   4: 1 op, 35.00 ns, 35.0000 ns/op
OverheadWarmup   5: 1 op, 130.00 ns, 130.0000 ns/op
OverheadWarmup   6: 1 op, 62.00 ns, 62.0000 ns/op
OverheadWarmup   7: 1 op, 43.00 ns, 43.0000 ns/op
OverheadWarmup   8: 1 op, 33.00 ns, 33.0000 ns/op
OverheadWarmup   9: 1 op, 39.00 ns, 39.0000 ns/op
OverheadWarmup  10: 1 op, 47.00 ns, 47.0000 ns/op

OverheadActual   1: 1 op, 156.00 ns, 156.0000 ns/op
OverheadActual   2: 1 op, 156.00 ns, 156.0000 ns/op
OverheadActual   3: 1 op, 159.00 ns, 159.0000 ns/op
OverheadActual   4: 1 op, 59.00 ns, 59.0000 ns/op
OverheadActual   5: 1 op, 158.00 ns, 158.0000 ns/op
OverheadActual   6: 1 op, 29.00 ns, 29.0000 ns/op
OverheadActual   7: 1 op, 31.00 ns, 31.0000 ns/op
OverheadActual   8: 1 op, 26.00 ns, 26.0000 ns/op
OverheadActual   9: 1 op, 27.00 ns, 27.0000 ns/op
OverheadActual  10: 1 op, 35.00 ns, 35.0000 ns/op
OverheadActual  11: 1 op, 27.00 ns, 27.0000 ns/op
OverheadActual  12: 1 op, 32.00 ns, 32.0000 ns/op
OverheadActual  13: 1 op, 30.00 ns, 30.0000 ns/op
OverheadActual  14: 1 op, 34.00 ns, 34.0000 ns/op
OverheadActual  15: 1 op, 48.00 ns, 48.0000 ns/op
OverheadActual  16: 1 op, 32.00 ns, 32.0000 ns/op
OverheadActual  17: 1 op, 28.00 ns, 28.0000 ns/op
OverheadActual  18: 1 op, 121.00 ns, 121.0000 ns/op
OverheadActual  19: 1 op, 31.00 ns, 31.0000 ns/op
OverheadActual  20: 1 op, 31.00 ns, 31.0000 ns/op

WorkloadWarmup   1: 1 op, 3909.00 ns, 3.9090 us/op
WorkloadWarmup   2: 1 op, 2599.00 ns, 2.5990 us/op
WorkloadWarmup   3: 1 op, 2469.00 ns, 2.4690 us/op
WorkloadWarmup   4: 1 op, 2461.00 ns, 2.4610 us/op
WorkloadWarmup   5: 1 op, 2459.00 ns, 2.4590 us/op
WorkloadWarmup   6: 1 op, 2447.00 ns, 2.4470 us/op
WorkloadWarmup   7: 1 op, 2453.00 ns, 2.4530 us/op
WorkloadWarmup   8: 1 op, 2494.00 ns, 2.4940 us/op
WorkloadWarmup   9: 1 op, 2470.00 ns, 2.4700 us/op
WorkloadWarmup  10: 1 op, 2469.00 ns, 2.4690 us/op
WorkloadWarmup  11: 1 op, 2478.00 ns, 2.4780 us/op
WorkloadWarmup  12: 1 op, 2475.00 ns, 2.4750 us/op

// BeforeActualRun
WorkloadActual   1: 1 op, 3265.00 ns, 3.2650 us/op
WorkloadActual   2: 1 op, 2534.00 ns, 2.5340 us/op
WorkloadActual   3: 1 op, 2556.00 ns, 2.5560 us/op
WorkloadActual   4: 1 op, 2444.00 ns, 2.4440 us/op
WorkloadActual   5: 1 op, 2477.00 ns, 2.4770 us/op
WorkloadActual   6: 1 op, 2534.00 ns, 2.5340 us/op
WorkloadActual   7: 1 op, 2462.00 ns, 2.4620 us/op
WorkloadActual   8: 1 op, 2437.00 ns, 2.4370 us/op
WorkloadActual   9: 1 op, 2468.00 ns, 2.4680 us/op
WorkloadActual  10: 1 op, 2558.00 ns, 2.5580 us/op
WorkloadActual  11: 1 op, 2487.00 ns, 2.4870 us/op
WorkloadActual  12: 1 op, 2550.00 ns, 2.5500 us/op
WorkloadActual  13: 1 op, 2511.00 ns, 2.5110 us/op
WorkloadActual  14: 1 op, 2541.00 ns, 2.5410 us/op
WorkloadActual  15: 1 op, 2454.00 ns, 2.4540 us/op

// AfterActualRun
WorkloadResult   1: 1 op, 2502.00 ns, 2.5020 us/op
WorkloadResult   2: 1 op, 2524.00 ns, 2.5240 us/op
WorkloadResult   3: 1 op, 2412.00 ns, 2.4120 us/op
WorkloadResult   4: 1 op, 2445.00 ns, 2.4450 us/op
WorkloadResult   5: 1 op, 2502.00 ns, 2.5020 us/op
WorkloadResult   6: 1 op, 2430.00 ns, 2.4300 us/op
WorkloadResult   7: 1 op, 2405.00 ns, 2.4050 us/op
WorkloadResult   8: 1 op, 2436.00 ns, 2.4360 us/op
WorkloadResult   9: 1 op, 2526.00 ns, 2.5260 us/op
WorkloadResult  10: 1 op, 2455.00 ns, 2.4550 us/op
WorkloadResult  11: 1 op, 2518.00 ns, 2.5180 us/op
WorkloadResult  12: 1 op, 2479.00 ns, 2.4790 us/op
WorkloadResult  13: 1 op, 2509.00 ns, 2.5090 us/op
WorkloadResult  14: 1 op, 2422.00 ns, 2.4220 us/op
// GC:  0 0 0 64 1
// Threading:  0 0 1

// AfterAll
// Benchmark Process 256229 has exited with code 0.

Mean = 2.469 μs, StdErr = 0.012 μs (0.48%), N = 14, StdDev = 0.044 μs
Min = 2.405 μs, Q1 = 2.432 μs, Median = 2.467 μs, Q3 = 2.507 μs, Max = 2.526 μs
IQR = 0.076 μs, LowerFence = 2.318 μs, UpperFence = 2.621 μs
ConfidenceInterval = [2.419 μs; 2.519 μs] (CI 99.9%), Margin = 0.050 μs (2.02% of Mean)
Skewness = -0.04, Kurtosis = 1.24, MValue = 2

// ** Remained 7 (77.8%) benchmark(s) to run. Estimated finish 2026-05-17 19:31 (0h 0m from now) **
// **************************
// Benchmark: NativeArrayBench.NativeArray_Persistent: Job-MTGEDH(InvocationCount=1, UnrollFactor=1) [N=64]
// *** Execute ***
// Launch: 1 / 1
// Execute: dotnet eee09001-c141-4ddc-853b-7ed6017e7d3a.dll --anonymousPipes 118 119 --benchmarkName "IAFahim.Collections.NoDeps.Bench.NativeArrayBench.NativeArray_Persistent(N: 64)" --job "InvocationCount=1, UnrollFactor=1" --benchmarkId 2 in /home/i/GitHub/IAFahim.CS.New/bench/IAFahim.Collections.NoDeps.Bench/bin/Release/net10.0/eee09001-c141-4ddc-853b-7ed6017e7d3a/bin/Release/net10.0
// Failed to set up high priority (Permission denied). In order to run benchmarks with high priority, make sure you have the right permissions.
// BeforeAnythingElse

// Benchmark Process Environment Information:
// BenchmarkDotNet v0.14.0
// Runtime=.NET 10.0.7 (10.0.726.21808), X64 RyuJIT AVX2
// GC=Concurrent Workstation
// HardwareIntrinsics=AVX2,AES,BMI1,BMI2,FMA,LZCNT,PCLMUL,POPCNT,AvxVnni,SERIALIZE VectorSize=256
// Job: Job-QJWIMQ(InvocationCount=1, UnrollFactor=1)

OverheadJitting  1: 1 op, 152830.00 ns, 152.8300 us/op
WorkloadJitting  1: 1 op, 563536.00 ns, 563.5360 us/op

OverheadWarmup   1: 1 op, 170.00 ns, 170.0000 ns/op
OverheadWarmup   2: 1 op, 98.00 ns, 98.0000 ns/op
OverheadWarmup   3: 1 op, 37.00 ns, 37.0000 ns/op
OverheadWarmup   4: 1 op, 71.00 ns, 71.0000 ns/op
OverheadWarmup   5: 1 op, 296.00 ns, 296.0000 ns/op
OverheadWarmup   6: 1 op, 34.00 ns, 34.0000 ns/op
OverheadWarmup   7: 1 op, 34.00 ns, 34.0000 ns/op
OverheadWarmup   8: 1 op, 41.00 ns, 41.0000 ns/op

OverheadActual   1: 1 op, 175.00 ns, 175.0000 ns/op
OverheadActual   2: 1 op, 200.00 ns, 200.0000 ns/op
OverheadActual   3: 1 op, 163.00 ns, 163.0000 ns/op
OverheadActual   4: 1 op, 153.00 ns, 153.0000 ns/op
OverheadActual   5: 1 op, 189.00 ns, 189.0000 ns/op
OverheadActual   6: 1 op, 97.00 ns, 97.0000 ns/op
OverheadActual   7: 1 op, 99.00 ns, 99.0000 ns/op
OverheadActual   8: 1 op, 87.00 ns, 87.0000 ns/op
OverheadActual   9: 1 op, 66.00 ns, 66.0000 ns/op
OverheadActual  10: 1 op, 67.00 ns, 67.0000 ns/op
OverheadActual  11: 1 op, 53.00 ns, 53.0000 ns/op
OverheadActual  12: 1 op, 69.00 ns, 69.0000 ns/op
OverheadActual  13: 1 op, 80.00 ns, 80.0000 ns/op
OverheadActual  14: 1 op, 63.00 ns, 63.0000 ns/op
OverheadActual  15: 1 op, 69.00 ns, 69.0000 ns/op
OverheadActual  16: 1 op, 66.00 ns, 66.0000 ns/op
OverheadActual  17: 1 op, 66.00 ns, 66.0000 ns/op
OverheadActual  18: 1 op, 143.00 ns, 143.0000 ns/op
OverheadActual  19: 1 op, 91.00 ns, 91.0000 ns/op
OverheadActual  20: 1 op, 43.00 ns, 43.0000 ns/op

WorkloadWarmup   1: 1 op, 5392.00 ns, 5.3920 us/op
WorkloadWarmup   2: 1 op, 3682.00 ns, 3.6820 us/op
WorkloadWarmup   3: 1 op, 3494.00 ns, 3.4940 us/op
WorkloadWarmup   4: 1 op, 3451.00 ns, 3.4510 us/op
WorkloadWarmup   5: 1 op, 3486.00 ns, 3.4860 us/op
WorkloadWarmup   6: 1 op, 3487.00 ns, 3.4870 us/op
WorkloadWarmup   7: 1 op, 3449.00 ns, 3.4490 us/op
WorkloadWarmup   8: 1 op, 3545.00 ns, 3.5450 us/op
WorkloadWarmup   9: 1 op, 3668.00 ns, 3.6680 us/op
WorkloadWarmup  10: 1 op, 3482.00 ns, 3.4820 us/op

// BeforeActualRun
WorkloadActual   1: 1 op, 4205.00 ns, 4.2050 us/op
WorkloadActual   2: 1 op, 3672.00 ns, 3.6720 us/op
WorkloadActual   3: 1 op, 3545.00 ns, 3.5450 us/op
WorkloadActual   4: 1 op, 3530.00 ns, 3.5300 us/op
WorkloadActual   5: 1 op, 3515.00 ns, 3.5150 us/op
WorkloadActual   6: 1 op, 3465.00 ns, 3.4650 us/op
WorkloadActual   7: 1 op, 4626.00 ns, 4.6260 us/op
WorkloadActual   8: 1 op, 3479.00 ns, 3.4790 us/op
WorkloadActual   9: 1 op, 3466.00 ns, 3.4660 us/op
WorkloadActual  10: 1 op, 3497.00 ns, 3.4970 us/op
WorkloadActual  11: 1 op, 3559.00 ns, 3.5590 us/op
WorkloadActual  12: 1 op, 3468.00 ns, 3.4680 us/op
WorkloadActual  13: 1 op, 3412.00 ns, 3.4120 us/op
WorkloadActual  14: 1 op, 3496.00 ns, 3.4960 us/op
WorkloadActual  15: 1 op, 3497.00 ns, 3.4970 us/op
WorkloadActual  16: 1 op, 3348.00 ns, 3.3480 us/op
WorkloadActual  17: 1 op, 3532.00 ns, 3.5320 us/op

// AfterActualRun
WorkloadResult   1: 1 op, 3461.50 ns, 3.4615 us/op
WorkloadResult   2: 1 op, 3446.50 ns, 3.4465 us/op
WorkloadResult   3: 1 op, 3431.50 ns, 3.4315 us/op
WorkloadResult   4: 1 op, 3381.50 ns, 3.3815 us/op
WorkloadResult   5: 1 op, 3395.50 ns, 3.3955 us/op
WorkloadResult   6: 1 op, 3382.50 ns, 3.3825 us/op
WorkloadResult   7: 1 op, 3413.50 ns, 3.4135 us/op
WorkloadResult   8: 1 op, 3475.50 ns, 3.4755 us/op
WorkloadResult   9: 1 op, 3384.50 ns, 3.3845 us/op
WorkloadResult  10: 1 op, 3328.50 ns, 3.3285 us/op
WorkloadResult  11: 1 op, 3412.50 ns, 3.4125 us/op
WorkloadResult  12: 1 op, 3413.50 ns, 3.4135 us/op
WorkloadResult  13: 1 op, 3264.50 ns, 3.2645 us/op
WorkloadResult  14: 1 op, 3448.50 ns, 3.4485 us/op
// GC:  0 0 0 736 1
// Threading:  0 0 1

// AfterAll
// Benchmark Process 256272 has exited with code 0.

Mean = 3.403 μs, StdErr = 0.015 μs (0.43%), N = 14, StdDev = 0.055 μs
Min = 3.264 μs, Q1 = 3.383 μs, Median = 3.413 μs, Q3 = 3.443 μs, Max = 3.475 μs
IQR = 0.060 μs, LowerFence = 3.293 μs, UpperFence = 3.532 μs
ConfidenceInterval = [3.340 μs; 3.465 μs] (CI 99.9%), Margin = 0.062 μs (1.83% of Mean)
Skewness = -0.97, Kurtosis = 3.4, MValue = 2

// ** Remained 6 (66.7%) benchmark(s) to run. Estimated finish 2026-05-17 19:31 (0h 0m from now) **
// **************************
// Benchmark: NativeArrayBench.DirectPointer: Job-MTGEDH(InvocationCount=1, UnrollFactor=1) [N=256]
// *** Execute ***
// Launch: 1 / 1
// Execute: dotnet eee09001-c141-4ddc-853b-7ed6017e7d3a.dll --anonymousPipes 118 119 --benchmarkName "IAFahim.Collections.NoDeps.Bench.NativeArrayBench.DirectPointer(N: 256)" --job "InvocationCount=1, UnrollFactor=1" --benchmarkId 3 in /home/i/GitHub/IAFahim.CS.New/bench/IAFahim.Collections.NoDeps.Bench/bin/Release/net10.0/eee09001-c141-4ddc-853b-7ed6017e7d3a/bin/Release/net10.0
// Failed to set up high priority (Permission denied). In order to run benchmarks with high priority, make sure you have the right permissions.
// BeforeAnythingElse

// Benchmark Process Environment Information:
// BenchmarkDotNet v0.14.0
// Runtime=.NET 10.0.7 (10.0.726.21808), X64 RyuJIT AVX2
// GC=Concurrent Workstation
// HardwareIntrinsics=AVX2,AES,BMI1,BMI2,FMA,LZCNT,PCLMUL,POPCNT,AvxVnni,SERIALIZE VectorSize=256
// Job: Job-YVOWOT(InvocationCount=1, UnrollFactor=1)

OverheadJitting  1: 1 op, 143451.00 ns, 143.4510 us/op
WorkloadJitting  1: 1 op, 189655.00 ns, 189.6550 us/op

OverheadWarmup   1: 1 op, 167.00 ns, 167.0000 ns/op
OverheadWarmup   2: 1 op, 71.00 ns, 71.0000 ns/op
OverheadWarmup   3: 1 op, 54.00 ns, 54.0000 ns/op
OverheadWarmup   4: 1 op, 38.00 ns, 38.0000 ns/op
OverheadWarmup   5: 1 op, 118.00 ns, 118.0000 ns/op
OverheadWarmup   6: 1 op, 59.00 ns, 59.0000 ns/op
OverheadWarmup   7: 1 op, 49.00 ns, 49.0000 ns/op
OverheadWarmup   8: 1 op, 29.00 ns, 29.0000 ns/op
OverheadWarmup   9: 1 op, 46.00 ns, 46.0000 ns/op
OverheadWarmup  10: 1 op, 57.00 ns, 57.0000 ns/op

OverheadActual   1: 1 op, 150.00 ns, 150.0000 ns/op
OverheadActual   2: 1 op, 169.00 ns, 169.0000 ns/op
OverheadActual   3: 1 op, 156.00 ns, 156.0000 ns/op
OverheadActual   4: 1 op, 85.00 ns, 85.0000 ns/op
OverheadActual   5: 1 op, 138.00 ns, 138.0000 ns/op
OverheadActual   6: 1 op, 57.00 ns, 57.0000 ns/op
OverheadActual   7: 1 op, 41.00 ns, 41.0000 ns/op
OverheadActual   8: 1 op, 29.00 ns, 29.0000 ns/op
OverheadActual   9: 1 op, 34.00 ns, 34.0000 ns/op
OverheadActual  10: 1 op, 58.00 ns, 58.0000 ns/op
OverheadActual  11: 1 op, 35.00 ns, 35.0000 ns/op
OverheadActual  12: 1 op, 47.00 ns, 47.0000 ns/op
OverheadActual  13: 1 op, 34.00 ns, 34.0000 ns/op
OverheadActual  14: 1 op, 33.00 ns, 33.0000 ns/op
OverheadActual  15: 1 op, 46.00 ns, 46.0000 ns/op
OverheadActual  16: 1 op, 49.00 ns, 49.0000 ns/op
OverheadActual  17: 1 op, 54.00 ns, 54.0000 ns/op
OverheadActual  18: 1 op, 285.00 ns, 285.0000 ns/op
OverheadActual  19: 1 op, 83.00 ns, 83.0000 ns/op
OverheadActual  20: 1 op, 61.00 ns, 61.0000 ns/op

WorkloadWarmup   1: 1 op, 1830.00 ns, 1.8300 us/op
WorkloadWarmup   2: 1 op, 1644.00 ns, 1.6440 us/op
WorkloadWarmup   3: 1 op, 1543.00 ns, 1.5430 us/op
WorkloadWarmup   4: 1 op, 1613.00 ns, 1.6130 us/op
WorkloadWarmup   5: 1 op, 1594.00 ns, 1.5940 us/op
WorkloadWarmup   6: 1 op, 1573.00 ns, 1.5730 us/op
WorkloadWarmup   7: 1 op, 1556.00 ns, 1.5560 us/op
WorkloadWarmup   8: 1 op, 1576.00 ns, 1.5760 us/op
WorkloadWarmup   9: 1 op, 1565.00 ns, 1.5650 us/op

// BeforeActualRun
WorkloadActual   1: 1 op, 1736.00 ns, 1.7360 us/op
WorkloadActual   2: 1 op, 1573.00 ns, 1.5730 us/op
WorkloadActual   3: 1 op, 1616.00 ns, 1.6160 us/op
WorkloadActual   4: 1 op, 1570.00 ns, 1.5700 us/op
WorkloadActual   5: 1 op, 1570.00 ns, 1.5700 us/op
WorkloadActual   6: 1 op, 1557.00 ns, 1.5570 us/op
WorkloadActual   7: 1 op, 1561.00 ns, 1.5610 us/op
WorkloadActual   8: 1 op, 1572.00 ns, 1.5720 us/op
WorkloadActual   9: 1 op, 1584.00 ns, 1.5840 us/op
WorkloadActual  10: 1 op, 1589.00 ns, 1.5890 us/op
WorkloadActual  11: 1 op, 1590.00 ns, 1.5900 us/op
WorkloadActual  12: 1 op, 1579.00 ns, 1.5790 us/op
WorkloadActual  13: 1 op, 1606.00 ns, 1.6060 us/op
WorkloadActual  14: 1 op, 1568.00 ns, 1.5680 us/op
WorkloadActual  15: 1 op, 1553.00 ns, 1.5530 us/op

// AfterActualRun
WorkloadResult   1: 1 op, 1517.50 ns, 1.5175 us/op
WorkloadResult   2: 1 op, 1560.50 ns, 1.5605 us/op
WorkloadResult   3: 1 op, 1514.50 ns, 1.5145 us/op
WorkloadResult   4: 1 op, 1514.50 ns, 1.5145 us/op
WorkloadResult   5: 1 op, 1501.50 ns, 1.5015 us/op
WorkloadResult   6: 1 op, 1505.50 ns, 1.5055 us/op
WorkloadResult   7: 1 op, 1516.50 ns, 1.5165 us/op
WorkloadResult   8: 1 op, 1528.50 ns, 1.5285 us/op
WorkloadResult   9: 1 op, 1533.50 ns, 1.5335 us/op
WorkloadResult  10: 1 op, 1534.50 ns, 1.5345 us/op
WorkloadResult  11: 1 op, 1523.50 ns, 1.5235 us/op
WorkloadResult  12: 1 op, 1550.50 ns, 1.5505 us/op
WorkloadResult  13: 1 op, 1512.50 ns, 1.5125 us/op
WorkloadResult  14: 1 op, 1497.50 ns, 1.4975 us/op
// GC:  0 0 0 736 1
// Threading:  0 0 1

// AfterAll
// Benchmark Process 256281 has exited with code 0.

Mean = 1.522 μs, StdErr = 0.005 μs (0.31%), N = 14, StdDev = 0.018 μs
Min = 1.498 μs, Q1 = 1.513 μs, Median = 1.517 μs, Q3 = 1.532 μs, Max = 1.560 μs
IQR = 0.019 μs, LowerFence = 1.484 μs, UpperFence = 1.561 μs
ConfidenceInterval = [1.502 μs; 1.542 μs] (CI 99.9%), Margin = 0.020 μs (1.33% of Mean)
Skewness = 0.64, Kurtosis = 2.41, MValue = 2

// ** Remained 5 (55.6%) benchmark(s) to run. Estimated finish 2026-05-17 19:31 (0h 0m from now) **
// **************************
// Benchmark: NativeArrayBench.NativeArray_ReadOnly: Job-MTGEDH(InvocationCount=1, UnrollFactor=1) [N=256]
// *** Execute ***
// Launch: 1 / 1
// Execute: dotnet eee09001-c141-4ddc-853b-7ed6017e7d3a.dll --anonymousPipes 118 119 --benchmarkName "IAFahim.Collections.NoDeps.Bench.NativeArrayBench.NativeArray_ReadOnly(N: 256)" --job "InvocationCount=1, UnrollFactor=1" --benchmarkId 4 in /home/i/GitHub/IAFahim.CS.New/bench/IAFahim.Collections.NoDeps.Bench/bin/Release/net10.0/eee09001-c141-4ddc-853b-7ed6017e7d3a/bin/Release/net10.0
// Failed to set up high priority (Permission denied). In order to run benchmarks with high priority, make sure you have the right permissions.
// BeforeAnythingElse

// Benchmark Process Environment Information:
// BenchmarkDotNet v0.14.0
// Runtime=.NET 10.0.7 (10.0.726.21808), X64 RyuJIT AVX2
// GC=Concurrent Workstation
// HardwareIntrinsics=AVX2,AES,BMI1,BMI2,FMA,LZCNT,PCLMUL,POPCNT,AvxVnni,SERIALIZE VectorSize=256
// Job: Job-UACQKC(InvocationCount=1, UnrollFactor=1)

OverheadJitting  1: 1 op, 152196.00 ns, 152.1960 us/op
WorkloadJitting  1: 1 op, 555502.00 ns, 555.5020 us/op

OverheadWarmup   1: 1 op, 164.00 ns, 164.0000 ns/op
OverheadWarmup   2: 1 op, 68.00 ns, 68.0000 ns/op
OverheadWarmup   3: 1 op, 36.00 ns, 36.0000 ns/op
OverheadWarmup   4: 1 op, 33.00 ns, 33.0000 ns/op
OverheadWarmup   5: 1 op, 86.00 ns, 86.0000 ns/op
OverheadWarmup   6: 1 op, 163.00 ns, 163.0000 ns/op
OverheadWarmup   7: 1 op, 67.00 ns, 67.0000 ns/op
OverheadWarmup   8: 1 op, 54.00 ns, 54.0000 ns/op
OverheadWarmup   9: 1 op, 46.00 ns, 46.0000 ns/op
OverheadWarmup  10: 1 op, 28.00 ns, 28.0000 ns/op

OverheadActual   1: 1 op, 154.00 ns, 154.0000 ns/op
OverheadActual   2: 1 op, 159.00 ns, 159.0000 ns/op
OverheadActual   3: 1 op, 170.00 ns, 170.0000 ns/op
OverheadActual   4: 1 op, 89.00 ns, 89.0000 ns/op
OverheadActual   5: 1 op, 125.00 ns, 125.0000 ns/op
OverheadActual   6: 1 op, 62.00 ns, 62.0000 ns/op
OverheadActual   7: 1 op, 32.00 ns, 32.0000 ns/op
OverheadActual   8: 1 op, 34.00 ns, 34.0000 ns/op
OverheadActual   9: 1 op, 46.00 ns, 46.0000 ns/op
OverheadActual  10: 1 op, 35.00 ns, 35.0000 ns/op
OverheadActual  11: 1 op, 35.00 ns, 35.0000 ns/op
OverheadActual  12: 1 op, 33.00 ns, 33.0000 ns/op
OverheadActual  13: 1 op, 34.00 ns, 34.0000 ns/op
OverheadActual  14: 1 op, 47.00 ns, 47.0000 ns/op
OverheadActual  15: 1 op, 33.00 ns, 33.0000 ns/op
OverheadActual  16: 1 op, 34.00 ns, 34.0000 ns/op
OverheadActual  17: 1 op, 34.00 ns, 34.0000 ns/op
OverheadActual  18: 1 op, 151.00 ns, 151.0000 ns/op
OverheadActual  19: 1 op, 47.00 ns, 47.0000 ns/op
OverheadActual  20: 1 op, 46.00 ns, 46.0000 ns/op

WorkloadWarmup   1: 1 op, 10939.00 ns, 10.9390 us/op
WorkloadWarmup   2: 1 op, 9409.00 ns, 9.4090 us/op
WorkloadWarmup   3: 1 op, 9400.00 ns, 9.4000 us/op
WorkloadWarmup   4: 1 op, 9347.00 ns, 9.3470 us/op
WorkloadWarmup   5: 1 op, 9330.00 ns, 9.3300 us/op
WorkloadWarmup   6: 1 op, 9515.00 ns, 9.5150 us/op
WorkloadWarmup   7: 1 op, 9310.00 ns, 9.3100 us/op
WorkloadWarmup   8: 1 op, 12108.00 ns, 12.1080 us/op
WorkloadWarmup   9: 1 op, 171058.00 ns, 171.0580 us/op
WorkloadWarmup  10: 1 op, 14022.00 ns, 14.0220 us/op

// BeforeActualRun
WorkloadActual   1: 1 op, 14868.00 ns, 14.8680 us/op
WorkloadActual   2: 1 op, 12595.00 ns, 12.5950 us/op
WorkloadActual   3: 1 op, 12717.00 ns, 12.7170 us/op
WorkloadActual   4: 1 op, 12370.00 ns, 12.3700 us/op
WorkloadActual   5: 1 op, 12361.00 ns, 12.3610 us/op
WorkloadActual   6: 1 op, 9705.00 ns, 9.7050 us/op
WorkloadActual   7: 1 op, 9777.00 ns, 9.7770 us/op
WorkloadActual   8: 1 op, 9622.00 ns, 9.6220 us/op
WorkloadActual   9: 1 op, 9657.00 ns, 9.6570 us/op
WorkloadActual  10: 1 op, 9749.00 ns, 9.7490 us/op
WorkloadActual  11: 1 op, 9448.00 ns, 9.4480 us/op
WorkloadActual  12: 1 op, 9226.00 ns, 9.2260 us/op
WorkloadActual  13: 1 op, 8815.00 ns, 8.8150 us/op
WorkloadActual  14: 1 op, 9428.00 ns, 9.4280 us/op
WorkloadActual  15: 1 op, 9015.00 ns, 9.0150 us/op
WorkloadActual  16: 1 op, 8757.00 ns, 8.7570 us/op
WorkloadActual  17: 1 op, 9001.00 ns, 9.0010 us/op
WorkloadActual  18: 1 op, 8864.00 ns, 8.8640 us/op
WorkloadActual  19: 1 op, 9055.00 ns, 9.0550 us/op
WorkloadActual  20: 1 op, 9108.00 ns, 9.1080 us/op
WorkloadActual  21: 1 op, 8911.00 ns, 8.9110 us/op
WorkloadActual  22: 1 op, 10046.00 ns, 10.0460 us/op
WorkloadActual  23: 1 op, 9793.00 ns, 9.7930 us/op
WorkloadActual  24: 1 op, 10018.00 ns, 10.0180 us/op
WorkloadActual  25: 1 op, 10014.00 ns, 10.0140 us/op
WorkloadActual  26: 1 op, 9649.00 ns, 9.6490 us/op
WorkloadActual  27: 1 op, 9772.00 ns, 9.7720 us/op
WorkloadActual  28: 1 op, 9834.00 ns, 9.8340 us/op
WorkloadActual  29: 1 op, 9543.00 ns, 9.5430 us/op
WorkloadActual  30: 1 op, 9711.00 ns, 9.7110 us/op
WorkloadActual  31: 1 op, 9366.00 ns, 9.3660 us/op
WorkloadActual  32: 1 op, 9892.00 ns, 9.8920 us/op
WorkloadActual  33: 1 op, 9977.00 ns, 9.9770 us/op
WorkloadActual  34: 1 op, 9977.00 ns, 9.9770 us/op
WorkloadActual  35: 1 op, 9867.00 ns, 9.8670 us/op
WorkloadActual  36: 1 op, 9730.00 ns, 9.7300 us/op
WorkloadActual  37: 1 op, 9979.00 ns, 9.9790 us/op
WorkloadActual  38: 1 op, 9872.00 ns, 9.8720 us/op
WorkloadActual  39: 1 op, 9626.00 ns, 9.6260 us/op
WorkloadActual  40: 1 op, 9484.00 ns, 9.4840 us/op
WorkloadActual  41: 1 op, 9656.00 ns, 9.6560 us/op
WorkloadActual  42: 1 op, 9864.00 ns, 9.8640 us/op
WorkloadActual  43: 1 op, 9600.00 ns, 9.6000 us/op
WorkloadActual  44: 1 op, 13195.00 ns, 13.1950 us/op
WorkloadActual  45: 1 op, 10736.00 ns, 10.7360 us/op
WorkloadActual  46: 1 op, 9997.00 ns, 9.9970 us/op
WorkloadActual  47: 1 op, 9790.00 ns, 9.7900 us/op
WorkloadActual  48: 1 op, 9897.00 ns, 9.8970 us/op
WorkloadActual  49: 1 op, 9879.00 ns, 9.8790 us/op
WorkloadActual  50: 1 op, 9912.00 ns, 9.9120 us/op
WorkloadActual  51: 1 op, 9891.00 ns, 9.8910 us/op
WorkloadActual  52: 1 op, 9960.00 ns, 9.9600 us/op
WorkloadActual  53: 1 op, 10069.00 ns, 10.0690 us/op
WorkloadActual  54: 1 op, 8093.00 ns, 8.0930 us/op
WorkloadActual  55: 1 op, 8250.00 ns, 8.2500 us/op
WorkloadActual  56: 1 op, 7835.00 ns, 7.8350 us/op
WorkloadActual  57: 1 op, 8245.00 ns, 8.2450 us/op
WorkloadActual  58: 1 op, 7934.00 ns, 7.9340 us/op
WorkloadActual  59: 1 op, 7789.00 ns, 7.7890 us/op
WorkloadActual  60: 1 op, 8326.00 ns, 8.3260 us/op
WorkloadActual  61: 1 op, 8160.00 ns, 8.1600 us/op
WorkloadActual  62: 1 op, 8048.00 ns, 8.0480 us/op
WorkloadActual  63: 1 op, 8095.00 ns, 8.0950 us/op
WorkloadActual  64: 1 op, 7521.00 ns, 7.5210 us/op
WorkloadActual  65: 1 op, 7694.00 ns, 7.6940 us/op
WorkloadActual  66: 1 op, 7712.00 ns, 7.7120 us/op
WorkloadActual  67: 1 op, 7494.00 ns, 7.4940 us/op
WorkloadActual  68: 1 op, 7793.00 ns, 7.7930 us/op
WorkloadActual  69: 1 op, 7927.00 ns, 7.9270 us/op
WorkloadActual  70: 1 op, 8202.00 ns, 8.2020 us/op
WorkloadActual  71: 1 op, 8101.00 ns, 8.1010 us/op
WorkloadActual  72: 1 op, 9537.00 ns, 9.5370 us/op
WorkloadActual  73: 1 op, 8329.00 ns, 8.3290 us/op
WorkloadActual  74: 1 op, 8055.00 ns, 8.0550 us/op
WorkloadActual  75: 1 op, 7751.00 ns, 7.7510 us/op
WorkloadActual  76: 1 op, 7762.00 ns, 7.7620 us/op
WorkloadActual  77: 1 op, 7579.00 ns, 7.5790 us/op
WorkloadActual  78: 1 op, 7308.00 ns, 7.3080 us/op
WorkloadActual  79: 1 op, 7790.00 ns, 7.7900 us/op
WorkloadActual  80: 1 op, 7667.00 ns, 7.6670 us/op
WorkloadActual  81: 1 op, 7907.00 ns, 7.9070 us/op
WorkloadActual  82: 1 op, 7655.00 ns, 7.6550 us/op
WorkloadActual  83: 1 op, 7638.00 ns, 7.6380 us/op
WorkloadActual  84: 1 op, 8209.00 ns, 8.2090 us/op
WorkloadActual  85: 1 op, 8226.00 ns, 8.2260 us/op
WorkloadActual  86: 1 op, 8204.00 ns, 8.2040 us/op
WorkloadActual  87: 1 op, 7639.00 ns, 7.6390 us/op
WorkloadActual  88: 1 op, 8147.00 ns, 8.1470 us/op
WorkloadActual  89: 1 op, 7848.00 ns, 7.8480 us/op
WorkloadActual  90: 1 op, 7881.00 ns, 7.8810 us/op
WorkloadActual  91: 1 op, 8232.00 ns, 8.2320 us/op
WorkloadActual  92: 1 op, 8868.00 ns, 8.8680 us/op
WorkloadActual  93: 1 op, 8009.00 ns, 8.0090 us/op
WorkloadActual  94: 1 op, 8130.00 ns, 8.1300 us/op
WorkloadActual  95: 1 op, 8027.00 ns, 8.0270 us/op
WorkloadActual  96: 1 op, 8071.00 ns, 8.0710 us/op
WorkloadActual  97: 1 op, 7542.00 ns, 7.5420 us/op
WorkloadActual  98: 1 op, 7804.00 ns, 7.8040 us/op
WorkloadActual  99: 1 op, 7719.00 ns, 7.7190 us/op
WorkloadActual  100: 1 op, 7621.00 ns, 7.6210 us/op

// AfterActualRun
WorkloadResult   1: 1 op, 12324.00 ns, 12.3240 us/op
WorkloadResult   2: 1 op, 12315.00 ns, 12.3150 us/op
WorkloadResult   3: 1 op, 9659.00 ns, 9.6590 us/op
WorkloadResult   4: 1 op, 9731.00 ns, 9.7310 us/op
WorkloadResult   5: 1 op, 9576.00 ns, 9.5760 us/op
WorkloadResult   6: 1 op, 9611.00 ns, 9.6110 us/op
WorkloadResult   7: 1 op, 9703.00 ns, 9.7030 us/op
WorkloadResult   8: 1 op, 9402.00 ns, 9.4020 us/op
WorkloadResult   9: 1 op, 9180.00 ns, 9.1800 us/op
WorkloadResult  10: 1 op, 8769.00 ns, 8.7690 us/op
WorkloadResult  11: 1 op, 9382.00 ns, 9.3820 us/op
WorkloadResult  12: 1 op, 8969.00 ns, 8.9690 us/op
WorkloadResult  13: 1 op, 8711.00 ns, 8.7110 us/op
WorkloadResult  14: 1 op, 8955.00 ns, 8.9550 us/op
WorkloadResult  15: 1 op, 8818.00 ns, 8.8180 us/op
WorkloadResult  16: 1 op, 9009.00 ns, 9.0090 us/op
WorkloadResult  17: 1 op, 9062.00 ns, 9.0620 us/op
WorkloadResult  18: 1 op, 8865.00 ns, 8.8650 us/op
WorkloadResult  19: 1 op, 10000.00 ns, 10.0000 us/op
WorkloadResult  20: 1 op, 9747.00 ns, 9.7470 us/op
WorkloadResult  21: 1 op, 9972.00 ns, 9.9720 us/op
WorkloadResult  22: 1 op, 9968.00 ns, 9.9680 us/op
WorkloadResult  23: 1 op, 9603.00 ns, 9.6030 us/op
WorkloadResult  24: 1 op, 9726.00 ns, 9.7260 us/op
WorkloadResult  25: 1 op, 9788.00 ns, 9.7880 us/op
WorkloadResult  26: 1 op, 9497.00 ns, 9.4970 us/op
WorkloadResult  27: 1 op, 9665.00 ns, 9.6650 us/op
WorkloadResult  28: 1 op, 9320.00 ns, 9.3200 us/op
WorkloadResult  29: 1 op, 9846.00 ns, 9.8460 us/op
WorkloadResult  30: 1 op, 9931.00 ns, 9.9310 us/op
WorkloadResult  31: 1 op, 9931.00 ns, 9.9310 us/op
WorkloadResult  32: 1 op, 9821.00 ns, 9.8210 us/op
WorkloadResult  33: 1 op, 9684.00 ns, 9.6840 us/op
WorkloadResult  34: 1 op, 9933.00 ns, 9.9330 us/op
WorkloadResult  35: 1 op, 9826.00 ns, 9.8260 us/op
WorkloadResult  36: 1 op, 9580.00 ns, 9.5800 us/op
WorkloadResult  37: 1 op, 9438.00 ns, 9.4380 us/op
WorkloadResult  38: 1 op, 9610.00 ns, 9.6100 us/op
WorkloadResult  39: 1 op, 9818.00 ns, 9.8180 us/op
WorkloadResult  40: 1 op, 9554.00 ns, 9.5540 us/op
WorkloadResult  41: 1 op, 10690.00 ns, 10.6900 us/op
WorkloadResult  42: 1 op, 9951.00 ns, 9.9510 us/op
WorkloadResult  43: 1 op, 9744.00 ns, 9.7440 us/op
WorkloadResult  44: 1 op, 9851.00 ns, 9.8510 us/op
WorkloadResult  45: 1 op, 9833.00 ns, 9.8330 us/op
WorkloadResult  46: 1 op, 9866.00 ns, 9.8660 us/op
WorkloadResult  47: 1 op, 9845.00 ns, 9.8450 us/op
WorkloadResult  48: 1 op, 9914.00 ns, 9.9140 us/op
WorkloadResult  49: 1 op, 10023.00 ns, 10.0230 us/op
WorkloadResult  50: 1 op, 8047.00 ns, 8.0470 us/op
WorkloadResult  51: 1 op, 8204.00 ns, 8.2040 us/op
WorkloadResult  52: 1 op, 7789.00 ns, 7.7890 us/op
WorkloadResult  53: 1 op, 8199.00 ns, 8.1990 us/op
WorkloadResult  54: 1 op, 7888.00 ns, 7.8880 us/op
WorkloadResult  55: 1 op, 7743.00 ns, 7.7430 us/op
WorkloadResult  56: 1 op, 8280.00 ns, 8.2800 us/op
WorkloadResult  57: 1 op, 8114.00 ns, 8.1140 us/op
WorkloadResult  58: 1 op, 8002.00 ns, 8.0020 us/op
WorkloadResult  59: 1 op, 8049.00 ns, 8.0490 us/op
WorkloadResult  60: 1 op, 7475.00 ns, 7.4750 us/op
WorkloadResult  61: 1 op, 7648.00 ns, 7.6480 us/op
WorkloadResult  62: 1 op, 7666.00 ns, 7.6660 us/op
WorkloadResult  63: 1 op, 7448.00 ns, 7.4480 us/op
WorkloadResult  64: 1 op, 7747.00 ns, 7.7470 us/op
WorkloadResult  65: 1 op, 7881.00 ns, 7.8810 us/op
WorkloadResult  66: 1 op, 8156.00 ns, 8.1560 us/op
WorkloadResult  67: 1 op, 8055.00 ns, 8.0550 us/op
WorkloadResult  68: 1 op, 9491.00 ns, 9.4910 us/op
WorkloadResult  69: 1 op, 8283.00 ns, 8.2830 us/op
WorkloadResult  70: 1 op, 8009.00 ns, 8.0090 us/op
WorkloadResult  71: 1 op, 7705.00 ns, 7.7050 us/op
WorkloadResult  72: 1 op, 7716.00 ns, 7.7160 us/op
WorkloadResult  73: 1 op, 7533.00 ns, 7.5330 us/op
WorkloadResult  74: 1 op, 7262.00 ns, 7.2620 us/op
WorkloadResult  75: 1 op, 7744.00 ns, 7.7440 us/op
WorkloadResult  76: 1 op, 7621.00 ns, 7.6210 us/op
WorkloadResult  77: 1 op, 7861.00 ns, 7.8610 us/op
WorkloadResult  78: 1 op, 7609.00 ns, 7.6090 us/op
WorkloadResult  79: 1 op, 7592.00 ns, 7.5920 us/op
WorkloadResult  80: 1 op, 8163.00 ns, 8.1630 us/op
WorkloadResult  81: 1 op, 8180.00 ns, 8.1800 us/op
WorkloadResult  82: 1 op, 8158.00 ns, 8.1580 us/op
WorkloadResult  83: 1 op, 7593.00 ns, 7.5930 us/op
WorkloadResult  84: 1 op, 8101.00 ns, 8.1010 us/op
WorkloadResult  85: 1 op, 7802.00 ns, 7.8020 us/op
WorkloadResult  86: 1 op, 7835.00 ns, 7.8350 us/op
WorkloadResult  87: 1 op, 8186.00 ns, 8.1860 us/op
WorkloadResult  88: 1 op, 8822.00 ns, 8.8220 us/op
WorkloadResult  89: 1 op, 7963.00 ns, 7.9630 us/op
WorkloadResult  90: 1 op, 8084.00 ns, 8.0840 us/op
WorkloadResult  91: 1 op, 7981.00 ns, 7.9810 us/op
WorkloadResult  92: 1 op, 8025.00 ns, 8.0250 us/op
WorkloadResult  93: 1 op, 7496.00 ns, 7.4960 us/op
WorkloadResult  94: 1 op, 7758.00 ns, 7.7580 us/op
WorkloadResult  95: 1 op, 7673.00 ns, 7.6730 us/op
WorkloadResult  96: 1 op, 7575.00 ns, 7.5750 us/op
// GC:  0 0 0 736 1
// Threading:  0 0 1

// AfterAll
// Benchmark Process 256290 has exited with code 0.

Mean = 8.836 μs, StdErr = 0.107 μs (1.22%), N = 96, StdDev = 1.052 μs
Min = 7.262 μs, Q1 = 7.886 μs, Median = 8.820 μs, Q3 = 9.727 μs, Max = 12.324 μs
IQR = 1.841 μs, LowerFence = 5.125 μs, UpperFence = 12.489 μs
ConfidenceInterval = [8.471 μs; 9.200 μs] (CI 99.9%), Margin = 0.365 μs (4.13% of Mean)
Skewness = 0.64, Kurtosis = 3.35, MValue = 3.96

// ** Remained 4 (44.4%) benchmark(s) to run. Estimated finish 2026-05-17 19:31 (0h 0m from now) **
// **************************
// Benchmark: NativeArrayBench.NativeArray_Persistent: Job-MTGEDH(InvocationCount=1, UnrollFactor=1) [N=256]
// *** Execute ***
// Launch: 1 / 1
// Execute: dotnet eee09001-c141-4ddc-853b-7ed6017e7d3a.dll --anonymousPipes 118 119 --benchmarkName "IAFahim.Collections.NoDeps.Bench.NativeArrayBench.NativeArray_Persistent(N: 256)" --job "InvocationCount=1, UnrollFactor=1" --benchmarkId 5 in /home/i/GitHub/IAFahim.CS.New/bench/IAFahim.Collections.NoDeps.Bench/bin/Release/net10.0/eee09001-c141-4ddc-853b-7ed6017e7d3a/bin/Release/net10.0
// Failed to set up high priority (Permission denied). In order to run benchmarks with high priority, make sure you have the right permissions.
// BeforeAnythingElse

// Benchmark Process Environment Information:
// BenchmarkDotNet v0.14.0
// Runtime=.NET 10.0.7 (10.0.726.21808), X64 RyuJIT AVX2
// GC=Concurrent Workstation
// HardwareIntrinsics=AVX2,AES,BMI1,BMI2,FMA,LZCNT,PCLMUL,POPCNT,AvxVnni,SERIALIZE VectorSize=256
// Job: Job-KGLFRE(InvocationCount=1, UnrollFactor=1)

OverheadJitting  1: 1 op, 148159.00 ns, 148.1590 us/op
WorkloadJitting  1: 1 op, 603440.00 ns, 603.4400 us/op

OverheadWarmup   1: 1 op, 166.00 ns, 166.0000 ns/op
OverheadWarmup   2: 1 op, 62.00 ns, 62.0000 ns/op
OverheadWarmup   3: 1 op, 29.00 ns, 29.0000 ns/op
OverheadWarmup   4: 1 op, 75.00 ns, 75.0000 ns/op
OverheadWarmup   5: 1 op, 153.00 ns, 153.0000 ns/op
OverheadWarmup   6: 1 op, 83.00 ns, 83.0000 ns/op
OverheadWarmup   7: 1 op, 49.00 ns, 49.0000 ns/op
OverheadWarmup   8: 1 op, 43.00 ns, 43.0000 ns/op
OverheadWarmup   9: 1 op, 41.00 ns, 41.0000 ns/op
OverheadWarmup  10: 1 op, 42.00 ns, 42.0000 ns/op

OverheadActual   1: 1 op, 181.00 ns, 181.0000 ns/op
OverheadActual   2: 1 op, 158.00 ns, 158.0000 ns/op
OverheadActual   3: 1 op, 172.00 ns, 172.0000 ns/op
OverheadActual   4: 1 op, 86.00 ns, 86.0000 ns/op
OverheadActual   5: 1 op, 135.00 ns, 135.0000 ns/op
OverheadActual   6: 1 op, 80.00 ns, 80.0000 ns/op
OverheadActual   7: 1 op, 48.00 ns, 48.0000 ns/op
OverheadActual   8: 1 op, 23.00 ns, 23.0000 ns/op
OverheadActual   9: 1 op, 23.00 ns, 23.0000 ns/op
OverheadActual  10: 1 op, 40.00 ns, 40.0000 ns/op
OverheadActual  11: 1 op, 26.00 ns, 26.0000 ns/op
OverheadActual  12: 1 op, 32.00 ns, 32.0000 ns/op
OverheadActual  13: 1 op, 52.00 ns, 52.0000 ns/op
OverheadActual  14: 1 op, 33.00 ns, 33.0000 ns/op
OverheadActual  15: 1 op, 43.00 ns, 43.0000 ns/op
OverheadActual  16: 1 op, 38.00 ns, 38.0000 ns/op
OverheadActual  17: 1 op, 63.00 ns, 63.0000 ns/op
OverheadActual  18: 1 op, 131.00 ns, 131.0000 ns/op
OverheadActual  19: 1 op, 34.00 ns, 34.0000 ns/op
OverheadActual  20: 1 op, 40.00 ns, 40.0000 ns/op

WorkloadWarmup   1: 1 op, 14726.00 ns, 14.7260 us/op
WorkloadWarmup   2: 1 op, 9731.00 ns, 9.7310 us/op
WorkloadWarmup   3: 1 op, 9538.00 ns, 9.5380 us/op
WorkloadWarmup   4: 1 op, 9358.00 ns, 9.3580 us/op
WorkloadWarmup   5: 1 op, 9508.00 ns, 9.5080 us/op
WorkloadWarmup   6: 1 op, 9492.00 ns, 9.4920 us/op
WorkloadWarmup   7: 1 op, 9457.00 ns, 9.4570 us/op
WorkloadWarmup   8: 1 op, 11982.00 ns, 11.9820 us/op
WorkloadWarmup   9: 1 op, 174856.00 ns, 174.8560 us/op
WorkloadWarmup  10: 1 op, 13564.00 ns, 13.5640 us/op

// BeforeActualRun
WorkloadActual   1: 1 op, 14641.00 ns, 14.6410 us/op
WorkloadActual   2: 1 op, 12873.00 ns, 12.8730 us/op
WorkloadActual   3: 1 op, 12625.00 ns, 12.6250 us/op
WorkloadActual   4: 1 op, 12650.00 ns, 12.6500 us/op
WorkloadActual   5: 1 op, 12449.00 ns, 12.4490 us/op
WorkloadActual   6: 1 op, 9957.00 ns, 9.9570 us/op
WorkloadActual   7: 1 op, 9548.00 ns, 9.5480 us/op
WorkloadActual   8: 1 op, 9380.00 ns, 9.3800 us/op
WorkloadActual   9: 1 op, 9681.00 ns, 9.6810 us/op
WorkloadActual  10: 1 op, 9690.00 ns, 9.6900 us/op
WorkloadActual  11: 1 op, 9897.00 ns, 9.8970 us/op
WorkloadActual  12: 1 op, 9540.00 ns, 9.5400 us/op
WorkloadActual  13: 1 op, 8993.00 ns, 8.9930 us/op
WorkloadActual  14: 1 op, 9043.00 ns, 9.0430 us/op
WorkloadActual  15: 1 op, 9261.00 ns, 9.2610 us/op
WorkloadActual  16: 1 op, 9525.00 ns, 9.5250 us/op
WorkloadActual  17: 1 op, 9261.00 ns, 9.2610 us/op
WorkloadActual  18: 1 op, 9273.00 ns, 9.2730 us/op
WorkloadActual  19: 1 op, 9236.00 ns, 9.2360 us/op
WorkloadActual  20: 1 op, 9579.00 ns, 9.5790 us/op
WorkloadActual  21: 1 op, 9276.00 ns, 9.2760 us/op
WorkloadActual  22: 1 op, 11267.00 ns, 11.2670 us/op
WorkloadActual  23: 1 op, 10603.00 ns, 10.6030 us/op
WorkloadActual  24: 1 op, 10319.00 ns, 10.3190 us/op
WorkloadActual  25: 1 op, 10092.00 ns, 10.0920 us/op
WorkloadActual  26: 1 op, 10725.00 ns, 10.7250 us/op
WorkloadActual  27: 1 op, 10165.00 ns, 10.1650 us/op
WorkloadActual  28: 1 op, 10377.00 ns, 10.3770 us/op
WorkloadActual  29: 1 op, 10330.00 ns, 10.3300 us/op
WorkloadActual  30: 1 op, 10324.00 ns, 10.3240 us/op
WorkloadActual  31: 1 op, 10107.00 ns, 10.1070 us/op
WorkloadActual  32: 1 op, 10457.00 ns, 10.4570 us/op
WorkloadActual  33: 1 op, 10609.00 ns, 10.6090 us/op
WorkloadActual  34: 1 op, 10220.00 ns, 10.2200 us/op
WorkloadActual  35: 1 op, 10212.00 ns, 10.2120 us/op
WorkloadActual  36: 1 op, 10278.00 ns, 10.2780 us/op
WorkloadActual  37: 1 op, 10333.00 ns, 10.3330 us/op
WorkloadActual  38: 1 op, 10629.00 ns, 10.6290 us/op
WorkloadActual  39: 1 op, 9702.00 ns, 9.7020 us/op
WorkloadActual  40: 1 op, 9769.00 ns, 9.7690 us/op
WorkloadActual  41: 1 op, 10136.00 ns, 10.1360 us/op
WorkloadActual  42: 1 op, 10057.00 ns, 10.0570 us/op
WorkloadActual  43: 1 op, 9984.00 ns, 9.9840 us/op
WorkloadActual  44: 1 op, 10521.00 ns, 10.5210 us/op
WorkloadActual  45: 1 op, 10508.00 ns, 10.5080 us/op
WorkloadActual  46: 1 op, 10048.00 ns, 10.0480 us/op
WorkloadActual  47: 1 op, 9769.00 ns, 9.7690 us/op
WorkloadActual  48: 1 op, 9916.00 ns, 9.9160 us/op
WorkloadActual  49: 1 op, 9839.00 ns, 9.8390 us/op
WorkloadActual  50: 1 op, 9848.00 ns, 9.8480 us/op
WorkloadActual  51: 1 op, 10098.00 ns, 10.0980 us/op
WorkloadActual  52: 1 op, 9875.00 ns, 9.8750 us/op
WorkloadActual  53: 1 op, 10002.00 ns, 10.0020 us/op
WorkloadActual  54: 1 op, 8545.00 ns, 8.5450 us/op
WorkloadActual  55: 1 op, 8460.00 ns, 8.4600 us/op
WorkloadActual  56: 1 op, 8338.00 ns, 8.3380 us/op
WorkloadActual  57: 1 op, 8767.00 ns, 8.7670 us/op
WorkloadActual  58: 1 op, 8400.00 ns, 8.4000 us/op
WorkloadActual  59: 1 op, 8500.00 ns, 8.5000 us/op
WorkloadActual  60: 1 op, 8906.00 ns, 8.9060 us/op
WorkloadActual  61: 1 op, 8823.00 ns, 8.8230 us/op
WorkloadActual  62: 1 op, 8767.00 ns, 8.7670 us/op
WorkloadActual  63: 1 op, 8234.00 ns, 8.2340 us/op
WorkloadActual  64: 1 op, 8416.00 ns, 8.4160 us/op
WorkloadActual  65: 1 op, 7984.00 ns, 7.9840 us/op
WorkloadActual  66: 1 op, 8317.00 ns, 8.3170 us/op
WorkloadActual  67: 1 op, 8527.00 ns, 8.5270 us/op
WorkloadActual  68: 1 op, 8318.00 ns, 8.3180 us/op
WorkloadActual  69: 1 op, 8522.00 ns, 8.5220 us/op
WorkloadActual  70: 1 op, 8444.00 ns, 8.4440 us/op
WorkloadActual  71: 1 op, 8246.00 ns, 8.2460 us/op
WorkloadActual  72: 1 op, 8588.00 ns, 8.5880 us/op
WorkloadActual  73: 1 op, 8488.00 ns, 8.4880 us/op
WorkloadActual  74: 1 op, 8262.00 ns, 8.2620 us/op
WorkloadActual  75: 1 op, 8097.00 ns, 8.0970 us/op
WorkloadActual  76: 1 op, 8585.00 ns, 8.5850 us/op
WorkloadActual  77: 1 op, 8647.00 ns, 8.6470 us/op
WorkloadActual  78: 1 op, 8447.00 ns, 8.4470 us/op
WorkloadActual  79: 1 op, 8305.00 ns, 8.3050 us/op
WorkloadActual  80: 1 op, 8721.00 ns, 8.7210 us/op
WorkloadActual  81: 1 op, 8922.00 ns, 8.9220 us/op
WorkloadActual  82: 1 op, 8443.00 ns, 8.4430 us/op
WorkloadActual  83: 1 op, 8665.00 ns, 8.6650 us/op
WorkloadActual  84: 1 op, 8621.00 ns, 8.6210 us/op
WorkloadActual  85: 1 op, 8786.00 ns, 8.7860 us/op
WorkloadActual  86: 1 op, 8406.00 ns, 8.4060 us/op
WorkloadActual  87: 1 op, 8663.00 ns, 8.6630 us/op
WorkloadActual  88: 1 op, 8441.00 ns, 8.4410 us/op
WorkloadActual  89: 1 op, 8500.00 ns, 8.5000 us/op
WorkloadActual  90: 1 op, 13402.00 ns, 13.4020 us/op
WorkloadActual  91: 1 op, 10171.00 ns, 10.1710 us/op
WorkloadActual  92: 1 op, 8831.00 ns, 8.8310 us/op
WorkloadActual  93: 1 op, 8741.00 ns, 8.7410 us/op
WorkloadActual  94: 1 op, 8931.00 ns, 8.9310 us/op
WorkloadActual  95: 1 op, 8741.00 ns, 8.7410 us/op
WorkloadActual  96: 1 op, 8448.00 ns, 8.4480 us/op
WorkloadActual  97: 1 op, 8324.00 ns, 8.3240 us/op
WorkloadActual  98: 1 op, 8472.00 ns, 8.4720 us/op
WorkloadActual  99: 1 op, 8335.00 ns, 8.3350 us/op
WorkloadActual  100: 1 op, 8372.00 ns, 8.3720 us/op

// AfterActualRun
WorkloadResult   1: 1 op, 12403.50 ns, 12.4035 us/op
WorkloadResult   2: 1 op, 9911.50 ns, 9.9115 us/op
WorkloadResult   3: 1 op, 9502.50 ns, 9.5025 us/op
WorkloadResult   4: 1 op, 9334.50 ns, 9.3345 us/op
WorkloadResult   5: 1 op, 9635.50 ns, 9.6355 us/op
WorkloadResult   6: 1 op, 9644.50 ns, 9.6445 us/op
WorkloadResult   7: 1 op, 9851.50 ns, 9.8515 us/op
WorkloadResult   8: 1 op, 9494.50 ns, 9.4945 us/op
WorkloadResult   9: 1 op, 8947.50 ns, 8.9475 us/op
WorkloadResult  10: 1 op, 8997.50 ns, 8.9975 us/op
WorkloadResult  11: 1 op, 9215.50 ns, 9.2155 us/op
WorkloadResult  12: 1 op, 9479.50 ns, 9.4795 us/op
WorkloadResult  13: 1 op, 9215.50 ns, 9.2155 us/op
WorkloadResult  14: 1 op, 9227.50 ns, 9.2275 us/op
WorkloadResult  15: 1 op, 9190.50 ns, 9.1905 us/op
WorkloadResult  16: 1 op, 9533.50 ns, 9.5335 us/op
WorkloadResult  17: 1 op, 9230.50 ns, 9.2305 us/op
WorkloadResult  18: 1 op, 11221.50 ns, 11.2215 us/op
WorkloadResult  19: 1 op, 10557.50 ns, 10.5575 us/op
WorkloadResult  20: 1 op, 10273.50 ns, 10.2735 us/op
WorkloadResult  21: 1 op, 10046.50 ns, 10.0465 us/op
WorkloadResult  22: 1 op, 10679.50 ns, 10.6795 us/op
WorkloadResult  23: 1 op, 10119.50 ns, 10.1195 us/op
WorkloadResult  24: 1 op, 10331.50 ns, 10.3315 us/op
WorkloadResult  25: 1 op, 10284.50 ns, 10.2845 us/op
WorkloadResult  26: 1 op, 10278.50 ns, 10.2785 us/op
WorkloadResult  27: 1 op, 10061.50 ns, 10.0615 us/op
WorkloadResult  28: 1 op, 10411.50 ns, 10.4115 us/op
WorkloadResult  29: 1 op, 10563.50 ns, 10.5635 us/op
WorkloadResult  30: 1 op, 10174.50 ns, 10.1745 us/op
WorkloadResult  31: 1 op, 10166.50 ns, 10.1665 us/op
WorkloadResult  32: 1 op, 10232.50 ns, 10.2325 us/op
WorkloadResult  33: 1 op, 10287.50 ns, 10.2875 us/op
WorkloadResult  34: 1 op, 10583.50 ns, 10.5835 us/op
WorkloadResult  35: 1 op, 9656.50 ns, 9.6565 us/op
WorkloadResult  36: 1 op, 9723.50 ns, 9.7235 us/op
WorkloadResult  37: 1 op, 10090.50 ns, 10.0905 us/op
WorkloadResult  38: 1 op, 10011.50 ns, 10.0115 us/op
WorkloadResult  39: 1 op, 9938.50 ns, 9.9385 us/op
WorkloadResult  40: 1 op, 10475.50 ns, 10.4755 us/op
WorkloadResult  41: 1 op, 10462.50 ns, 10.4625 us/op
WorkloadResult  42: 1 op, 10002.50 ns, 10.0025 us/op
WorkloadResult  43: 1 op, 9723.50 ns, 9.7235 us/op
WorkloadResult  44: 1 op, 9870.50 ns, 9.8705 us/op
WorkloadResult  45: 1 op, 9793.50 ns, 9.7935 us/op
WorkloadResult  46: 1 op, 9802.50 ns, 9.8025 us/op
WorkloadResult  47: 1 op, 10052.50 ns, 10.0525 us/op
WorkloadResult  48: 1 op, 9829.50 ns, 9.8295 us/op
WorkloadResult  49: 1 op, 9956.50 ns, 9.9565 us/op
WorkloadResult  50: 1 op, 8499.50 ns, 8.4995 us/op
WorkloadResult  51: 1 op, 8414.50 ns, 8.4145 us/op
WorkloadResult  52: 1 op, 8292.50 ns, 8.2925 us/op
WorkloadResult  53: 1 op, 8721.50 ns, 8.7215 us/op
WorkloadResult  54: 1 op, 8354.50 ns, 8.3545 us/op
WorkloadResult  55: 1 op, 8454.50 ns, 8.4545 us/op
WorkloadResult  56: 1 op, 8860.50 ns, 8.8605 us/op
WorkloadResult  57: 1 op, 8777.50 ns, 8.7775 us/op
WorkloadResult  58: 1 op, 8721.50 ns, 8.7215 us/op
WorkloadResult  59: 1 op, 8188.50 ns, 8.1885 us/op
WorkloadResult  60: 1 op, 8370.50 ns, 8.3705 us/op
WorkloadResult  61: 1 op, 7938.50 ns, 7.9385 us/op
WorkloadResult  62: 1 op, 8271.50 ns, 8.2715 us/op
WorkloadResult  63: 1 op, 8481.50 ns, 8.4815 us/op
WorkloadResult  64: 1 op, 8272.50 ns, 8.2725 us/op
WorkloadResult  65: 1 op, 8476.50 ns, 8.4765 us/op
WorkloadResult  66: 1 op, 8398.50 ns, 8.3985 us/op
WorkloadResult  67: 1 op, 8200.50 ns, 8.2005 us/op
WorkloadResult  68: 1 op, 8542.50 ns, 8.5425 us/op
WorkloadResult  69: 1 op, 8442.50 ns, 8.4425 us/op
WorkloadResult  70: 1 op, 8216.50 ns, 8.2165 us/op
WorkloadResult  71: 1 op, 8051.50 ns, 8.0515 us/op
WorkloadResult  72: 1 op, 8539.50 ns, 8.5395 us/op
WorkloadResult  73: 1 op, 8601.50 ns, 8.6015 us/op
WorkloadResult  74: 1 op, 8401.50 ns, 8.4015 us/op
WorkloadResult  75: 1 op, 8259.50 ns, 8.2595 us/op
WorkloadResult  76: 1 op, 8675.50 ns, 8.6755 us/op
WorkloadResult  77: 1 op, 8876.50 ns, 8.8765 us/op
WorkloadResult  78: 1 op, 8397.50 ns, 8.3975 us/op
WorkloadResult  79: 1 op, 8619.50 ns, 8.6195 us/op
WorkloadResult  80: 1 op, 8575.50 ns, 8.5755 us/op
WorkloadResult  81: 1 op, 8740.50 ns, 8.7405 us/op
WorkloadResult  82: 1 op, 8360.50 ns, 8.3605 us/op
WorkloadResult  83: 1 op, 8617.50 ns, 8.6175 us/op
WorkloadResult  84: 1 op, 8395.50 ns, 8.3955 us/op
WorkloadResult  85: 1 op, 8454.50 ns, 8.4545 us/op
WorkloadResult  86: 1 op, 10125.50 ns, 10.1255 us/op
WorkloadResult  87: 1 op, 8785.50 ns, 8.7855 us/op
WorkloadResult  88: 1 op, 8695.50 ns, 8.6955 us/op
WorkloadResult  89: 1 op, 8885.50 ns, 8.8855 us/op
WorkloadResult  90: 1 op, 8695.50 ns, 8.6955 us/op
WorkloadResult  91: 1 op, 8402.50 ns, 8.4025 us/op
WorkloadResult  92: 1 op, 8278.50 ns, 8.2785 us/op
WorkloadResult  93: 1 op, 8426.50 ns, 8.4265 us/op
WorkloadResult  94: 1 op, 8289.50 ns, 8.2895 us/op
WorkloadResult  95: 1 op, 8326.50 ns, 8.3265 us/op
// GC:  0 0 0 64 1
// Threading:  0 0 1

// AfterAll
// Benchmark Process 256299 has exited with code 0.

Mean = 9.262 μs, StdErr = 0.090 μs (0.97%), N = 95, StdDev = 0.879 μs
Min = 7.939 μs, Q1 = 8.454 μs, Median = 9.191 μs, Q3 = 10.007 μs, Max = 12.403 μs
IQR = 1.552 μs, LowerFence = 6.126 μs, UpperFence = 12.336 μs
ConfidenceInterval = [8.955 μs; 9.568 μs] (CI 99.9%), Margin = 0.306 μs (3.31% of Mean)
Skewness = 0.63, Kurtosis = 2.99, MValue = 3.06

// ** Remained 3 (33.3%) benchmark(s) to run. Estimated finish 2026-05-17 19:31 (0h 0m from now) **
// **************************
// Benchmark: NativeArrayBench.DirectPointer: Job-MTGEDH(InvocationCount=1, UnrollFactor=1) [N=1024]
// *** Execute ***
// Launch: 1 / 1
// Execute: dotnet eee09001-c141-4ddc-853b-7ed6017e7d3a.dll --anonymousPipes 118 119 --benchmarkName "IAFahim.Collections.NoDeps.Bench.NativeArrayBench.DirectPointer(N: 1024)" --job "InvocationCount=1, UnrollFactor=1" --benchmarkId 6 in /home/i/GitHub/IAFahim.CS.New/bench/IAFahim.Collections.NoDeps.Bench/bin/Release/net10.0/eee09001-c141-4ddc-853b-7ed6017e7d3a/bin/Release/net10.0
// Failed to set up high priority (Permission denied). In order to run benchmarks with high priority, make sure you have the right permissions.
// BeforeAnythingElse

// Benchmark Process Environment Information:
// BenchmarkDotNet v0.14.0
// Runtime=.NET 10.0.7 (10.0.726.21808), X64 RyuJIT AVX2
// GC=Concurrent Workstation
// HardwareIntrinsics=AVX2,AES,BMI1,BMI2,FMA,LZCNT,PCLMUL,POPCNT,AvxVnni,SERIALIZE VectorSize=256
// Job: Job-FFOPVF(InvocationCount=1, UnrollFactor=1)

OverheadJitting  1: 1 op, 155362.00 ns, 155.3620 us/op
WorkloadJitting  1: 1 op, 223032.00 ns, 223.0320 us/op

OverheadWarmup   1: 1 op, 162.00 ns, 162.0000 ns/op
OverheadWarmup   2: 1 op, 147.00 ns, 147.0000 ns/op
OverheadWarmup   3: 1 op, 57.00 ns, 57.0000 ns/op
OverheadWarmup   4: 1 op, 53.00 ns, 53.0000 ns/op
OverheadWarmup   5: 1 op, 139.00 ns, 139.0000 ns/op
OverheadWarmup   6: 1 op, 68.00 ns, 68.0000 ns/op
OverheadWarmup   7: 1 op, 33.00 ns, 33.0000 ns/op
OverheadWarmup   8: 1 op, 48.00 ns, 48.0000 ns/op
OverheadWarmup   9: 1 op, 33.00 ns, 33.0000 ns/op

OverheadActual   1: 1 op, 162.00 ns, 162.0000 ns/op
OverheadActual   2: 1 op, 147.00 ns, 147.0000 ns/op
OverheadActual   3: 1 op, 217.00 ns, 217.0000 ns/op
OverheadActual   4: 1 op, 74.00 ns, 74.0000 ns/op
OverheadActual   5: 1 op, 139.00 ns, 139.0000 ns/op
OverheadActual   6: 1 op, 30.00 ns, 30.0000 ns/op
OverheadActual   7: 1 op, 45.00 ns, 45.0000 ns/op
OverheadActual   8: 1 op, 32.00 ns, 32.0000 ns/op
OverheadActual   9: 1 op, 37.00 ns, 37.0000 ns/op
OverheadActual  10: 1 op, 35.00 ns, 35.0000 ns/op
OverheadActual  11: 1 op, 37.00 ns, 37.0000 ns/op
OverheadActual  12: 1 op, 38.00 ns, 38.0000 ns/op
OverheadActual  13: 1 op, 35.00 ns, 35.0000 ns/op
OverheadActual  14: 1 op, 47.00 ns, 47.0000 ns/op
OverheadActual  15: 1 op, 47.00 ns, 47.0000 ns/op
OverheadActual  16: 1 op, 47.00 ns, 47.0000 ns/op
OverheadActual  17: 1 op, 34.00 ns, 34.0000 ns/op
OverheadActual  18: 1 op, 132.00 ns, 132.0000 ns/op
OverheadActual  19: 1 op, 75.00 ns, 75.0000 ns/op
OverheadActual  20: 1 op, 44.00 ns, 44.0000 ns/op

WorkloadWarmup   1: 1 op, 6876.00 ns, 6.8760 us/op
WorkloadWarmup   2: 1 op, 6232.00 ns, 6.2320 us/op
WorkloadWarmup   3: 1 op, 6251.00 ns, 6.2510 us/op
WorkloadWarmup   4: 1 op, 6253.00 ns, 6.2530 us/op
WorkloadWarmup   5: 1 op, 6253.00 ns, 6.2530 us/op
WorkloadWarmup   6: 1 op, 6323.00 ns, 6.3230 us/op
WorkloadWarmup   7: 1 op, 6400.00 ns, 6.4000 us/op
WorkloadWarmup   8: 1 op, 8501.00 ns, 8.5010 us/op
WorkloadWarmup   9: 1 op, 212003.00 ns, 212.0030 us/op
WorkloadWarmup  10: 1 op, 9918.00 ns, 9.9180 us/op

// BeforeActualRun
WorkloadActual   1: 1 op, 12122.00 ns, 12.1220 us/op
WorkloadActual   2: 1 op, 9684.00 ns, 9.6840 us/op
WorkloadActual   3: 1 op, 9478.00 ns, 9.4780 us/op
WorkloadActual   4: 1 op, 9283.00 ns, 9.2830 us/op
WorkloadActual   5: 1 op, 9150.00 ns, 9.1500 us/op
WorkloadActual   6: 1 op, 6663.00 ns, 6.6630 us/op
WorkloadActual   7: 1 op, 6711.00 ns, 6.7110 us/op
WorkloadActual   8: 1 op, 6635.00 ns, 6.6350 us/op
WorkloadActual   9: 1 op, 6268.00 ns, 6.2680 us/op
WorkloadActual  10: 1 op, 6156.00 ns, 6.1560 us/op
WorkloadActual  11: 1 op, 6204.00 ns, 6.2040 us/op
WorkloadActual  12: 1 op, 5874.00 ns, 5.8740 us/op
WorkloadActual  13: 1 op, 5793.00 ns, 5.7930 us/op
WorkloadActual  14: 1 op, 5922.00 ns, 5.9220 us/op
WorkloadActual  15: 1 op, 5648.00 ns, 5.6480 us/op
WorkloadActual  16: 1 op, 5793.00 ns, 5.7930 us/op
WorkloadActual  17: 1 op, 5568.00 ns, 5.5680 us/op
WorkloadActual  18: 1 op, 6152.00 ns, 6.1520 us/op
WorkloadActual  19: 1 op, 6063.00 ns, 6.0630 us/op
WorkloadActual  20: 1 op, 5937.00 ns, 5.9370 us/op
WorkloadActual  21: 1 op, 5952.00 ns, 5.9520 us/op
WorkloadActual  22: 1 op, 5050.00 ns, 5.0500 us/op
WorkloadActual  23: 1 op, 4758.00 ns, 4.7580 us/op
WorkloadActual  24: 1 op, 5015.00 ns, 5.0150 us/op
WorkloadActual  25: 1 op, 5024.00 ns, 5.0240 us/op
WorkloadActual  26: 1 op, 4671.00 ns, 4.6710 us/op
WorkloadActual  27: 1 op, 4764.00 ns, 4.7640 us/op
WorkloadActual  28: 1 op, 4727.00 ns, 4.7270 us/op
WorkloadActual  29: 1 op, 4679.00 ns, 4.6790 us/op
WorkloadActual  30: 1 op, 4708.00 ns, 4.7080 us/op
WorkloadActual  31: 1 op, 4809.00 ns, 4.8090 us/op
WorkloadActual  32: 1 op, 4697.00 ns, 4.6970 us/op
WorkloadActual  33: 1 op, 4820.00 ns, 4.8200 us/op
WorkloadActual  34: 1 op, 4643.00 ns, 4.6430 us/op
WorkloadActual  35: 1 op, 4967.00 ns, 4.9670 us/op
WorkloadActual  36: 1 op, 5175.00 ns, 5.1750 us/op
WorkloadActual  37: 1 op, 4843.00 ns, 4.8430 us/op
WorkloadActual  38: 1 op, 5149.00 ns, 5.1490 us/op
WorkloadActual  39: 1 op, 4602.00 ns, 4.6020 us/op
WorkloadActual  40: 1 op, 4820.00 ns, 4.8200 us/op
WorkloadActual  41: 1 op, 4984.00 ns, 4.9840 us/op
WorkloadActual  42: 1 op, 4571.00 ns, 4.5710 us/op
WorkloadActual  43: 1 op, 4838.00 ns, 4.8380 us/op
WorkloadActual  44: 1 op, 4676.00 ns, 4.6760 us/op
WorkloadActual  45: 1 op, 4802.00 ns, 4.8020 us/op
WorkloadActual  46: 1 op, 4556.00 ns, 4.5560 us/op
WorkloadActual  47: 1 op, 4612.00 ns, 4.6120 us/op
WorkloadActual  48: 1 op, 4541.00 ns, 4.5410 us/op
WorkloadActual  49: 1 op, 4959.00 ns, 4.9590 us/op
WorkloadActual  50: 1 op, 4899.00 ns, 4.8990 us/op
WorkloadActual  51: 1 op, 4690.00 ns, 4.6900 us/op
WorkloadActual  52: 1 op, 4937.00 ns, 4.9370 us/op
WorkloadActual  53: 1 op, 4597.00 ns, 4.5970 us/op
WorkloadActual  54: 1 op, 4471.00 ns, 4.4710 us/op
WorkloadActual  55: 1 op, 4280.00 ns, 4.2800 us/op
WorkloadActual  56: 1 op, 4181.00 ns, 4.1810 us/op
WorkloadActual  57: 1 op, 4234.00 ns, 4.2340 us/op
WorkloadActual  58: 1 op, 4338.00 ns, 4.3380 us/op
WorkloadActual  59: 1 op, 4428.00 ns, 4.4280 us/op
WorkloadActual  60: 1 op, 4058.00 ns, 4.0580 us/op
WorkloadActual  61: 1 op, 3986.00 ns, 3.9860 us/op
WorkloadActual  62: 1 op, 4224.00 ns, 4.2240 us/op
WorkloadActual  63: 1 op, 4112.00 ns, 4.1120 us/op
WorkloadActual  64: 1 op, 3916.00 ns, 3.9160 us/op
WorkloadActual  65: 1 op, 4083.00 ns, 4.0830 us/op
WorkloadActual  66: 1 op, 4074.00 ns, 4.0740 us/op
WorkloadActual  67: 1 op, 3975.00 ns, 3.9750 us/op
WorkloadActual  68: 1 op, 4311.00 ns, 4.3110 us/op
WorkloadActual  69: 1 op, 4087.00 ns, 4.0870 us/op
WorkloadActual  70: 1 op, 3950.00 ns, 3.9500 us/op
WorkloadActual  71: 1 op, 4215.00 ns, 4.2150 us/op
WorkloadActual  72: 1 op, 4157.00 ns, 4.1570 us/op
WorkloadActual  73: 1 op, 4023.00 ns, 4.0230 us/op
WorkloadActual  74: 1 op, 4122.00 ns, 4.1220 us/op
WorkloadActual  75: 1 op, 3941.00 ns, 3.9410 us/op
WorkloadActual  76: 1 op, 4291.00 ns, 4.2910 us/op
WorkloadActual  77: 1 op, 4155.00 ns, 4.1550 us/op
WorkloadActual  78: 1 op, 4053.00 ns, 4.0530 us/op
WorkloadActual  79: 1 op, 4106.00 ns, 4.1060 us/op
WorkloadActual  80: 1 op, 4074.00 ns, 4.0740 us/op
WorkloadActual  81: 1 op, 4028.00 ns, 4.0280 us/op
WorkloadActual  82: 1 op, 3985.00 ns, 3.9850 us/op
WorkloadActual  83: 1 op, 3981.00 ns, 3.9810 us/op
WorkloadActual  84: 1 op, 4171.00 ns, 4.1710 us/op
WorkloadActual  85: 1 op, 4191.00 ns, 4.1910 us/op
WorkloadActual  86: 1 op, 4271.00 ns, 4.2710 us/op
WorkloadActual  87: 1 op, 4083.00 ns, 4.0830 us/op
WorkloadActual  88: 1 op, 4274.00 ns, 4.2740 us/op
WorkloadActual  89: 1 op, 3901.00 ns, 3.9010 us/op
WorkloadActual  90: 1 op, 3966.00 ns, 3.9660 us/op
WorkloadActual  91: 1 op, 4093.00 ns, 4.0930 us/op
WorkloadActual  92: 1 op, 3960.00 ns, 3.9600 us/op
WorkloadActual  93: 1 op, 3983.00 ns, 3.9830 us/op
WorkloadActual  94: 1 op, 4219.00 ns, 4.2190 us/op
WorkloadActual  95: 1 op, 3940.00 ns, 3.9400 us/op
WorkloadActual  96: 1 op, 4127.00 ns, 4.1270 us/op
WorkloadActual  97: 1 op, 4218.00 ns, 4.2180 us/op
WorkloadActual  98: 1 op, 3890.00 ns, 3.8900 us/op
WorkloadActual  99: 1 op, 3952.00 ns, 3.9520 us/op
WorkloadActual  100: 1 op, 4075.00 ns, 4.0750 us/op

// AfterActualRun
WorkloadResult   1: 1 op, 6222.00 ns, 6.2220 us/op
WorkloadResult   2: 1 op, 6110.00 ns, 6.1100 us/op
WorkloadResult   3: 1 op, 6158.00 ns, 6.1580 us/op
WorkloadResult   4: 1 op, 5828.00 ns, 5.8280 us/op
WorkloadResult   5: 1 op, 5747.00 ns, 5.7470 us/op
WorkloadResult   6: 1 op, 5876.00 ns, 5.8760 us/op
WorkloadResult   7: 1 op, 5602.00 ns, 5.6020 us/op
WorkloadResult   8: 1 op, 5747.00 ns, 5.7470 us/op
WorkloadResult   9: 1 op, 5522.00 ns, 5.5220 us/op
WorkloadResult  10: 1 op, 6106.00 ns, 6.1060 us/op
WorkloadResult  11: 1 op, 6017.00 ns, 6.0170 us/op
WorkloadResult  12: 1 op, 5891.00 ns, 5.8910 us/op
WorkloadResult  13: 1 op, 5906.00 ns, 5.9060 us/op
WorkloadResult  14: 1 op, 5004.00 ns, 5.0040 us/op
WorkloadResult  15: 1 op, 4712.00 ns, 4.7120 us/op
WorkloadResult  16: 1 op, 4969.00 ns, 4.9690 us/op
WorkloadResult  17: 1 op, 4978.00 ns, 4.9780 us/op
WorkloadResult  18: 1 op, 4625.00 ns, 4.6250 us/op
WorkloadResult  19: 1 op, 4718.00 ns, 4.7180 us/op
WorkloadResult  20: 1 op, 4681.00 ns, 4.6810 us/op
WorkloadResult  21: 1 op, 4633.00 ns, 4.6330 us/op
WorkloadResult  22: 1 op, 4662.00 ns, 4.6620 us/op
WorkloadResult  23: 1 op, 4763.00 ns, 4.7630 us/op
WorkloadResult  24: 1 op, 4651.00 ns, 4.6510 us/op
WorkloadResult  25: 1 op, 4774.00 ns, 4.7740 us/op
WorkloadResult  26: 1 op, 4597.00 ns, 4.5970 us/op
WorkloadResult  27: 1 op, 4921.00 ns, 4.9210 us/op
WorkloadResult  28: 1 op, 5129.00 ns, 5.1290 us/op
WorkloadResult  29: 1 op, 4797.00 ns, 4.7970 us/op
WorkloadResult  30: 1 op, 5103.00 ns, 5.1030 us/op
WorkloadResult  31: 1 op, 4556.00 ns, 4.5560 us/op
WorkloadResult  32: 1 op, 4774.00 ns, 4.7740 us/op
WorkloadResult  33: 1 op, 4938.00 ns, 4.9380 us/op
WorkloadResult  34: 1 op, 4525.00 ns, 4.5250 us/op
WorkloadResult  35: 1 op, 4792.00 ns, 4.7920 us/op
WorkloadResult  36: 1 op, 4630.00 ns, 4.6300 us/op
WorkloadResult  37: 1 op, 4756.00 ns, 4.7560 us/op
WorkloadResult  38: 1 op, 4510.00 ns, 4.5100 us/op
WorkloadResult  39: 1 op, 4566.00 ns, 4.5660 us/op
WorkloadResult  40: 1 op, 4495.00 ns, 4.4950 us/op
WorkloadResult  41: 1 op, 4913.00 ns, 4.9130 us/op
WorkloadResult  42: 1 op, 4853.00 ns, 4.8530 us/op
WorkloadResult  43: 1 op, 4644.00 ns, 4.6440 us/op
WorkloadResult  44: 1 op, 4891.00 ns, 4.8910 us/op
WorkloadResult  45: 1 op, 4551.00 ns, 4.5510 us/op
WorkloadResult  46: 1 op, 4425.00 ns, 4.4250 us/op
WorkloadResult  47: 1 op, 4234.00 ns, 4.2340 us/op
WorkloadResult  48: 1 op, 4135.00 ns, 4.1350 us/op
WorkloadResult  49: 1 op, 4188.00 ns, 4.1880 us/op
WorkloadResult  50: 1 op, 4292.00 ns, 4.2920 us/op
WorkloadResult  51: 1 op, 4382.00 ns, 4.3820 us/op
WorkloadResult  52: 1 op, 4012.00 ns, 4.0120 us/op
WorkloadResult  53: 1 op, 3940.00 ns, 3.9400 us/op
WorkloadResult  54: 1 op, 4178.00 ns, 4.1780 us/op
WorkloadResult  55: 1 op, 4066.00 ns, 4.0660 us/op
WorkloadResult  56: 1 op, 3870.00 ns, 3.8700 us/op
WorkloadResult  57: 1 op, 4037.00 ns, 4.0370 us/op
WorkloadResult  58: 1 op, 4028.00 ns, 4.0280 us/op
WorkloadResult  59: 1 op, 3929.00 ns, 3.9290 us/op
WorkloadResult  60: 1 op, 4265.00 ns, 4.2650 us/op
WorkloadResult  61: 1 op, 4041.00 ns, 4.0410 us/op
WorkloadResult  62: 1 op, 3904.00 ns, 3.9040 us/op
WorkloadResult  63: 1 op, 4169.00 ns, 4.1690 us/op
WorkloadResult  64: 1 op, 4111.00 ns, 4.1110 us/op
WorkloadResult  65: 1 op, 3977.00 ns, 3.9770 us/op
WorkloadResult  66: 1 op, 4076.00 ns, 4.0760 us/op
WorkloadResult  67: 1 op, 3895.00 ns, 3.8950 us/op
WorkloadResult  68: 1 op, 4245.00 ns, 4.2450 us/op
WorkloadResult  69: 1 op, 4109.00 ns, 4.1090 us/op
WorkloadResult  70: 1 op, 4007.00 ns, 4.0070 us/op
WorkloadResult  71: 1 op, 4060.00 ns, 4.0600 us/op
WorkloadResult  72: 1 op, 4028.00 ns, 4.0280 us/op
WorkloadResult  73: 1 op, 3982.00 ns, 3.9820 us/op
WorkloadResult  74: 1 op, 3939.00 ns, 3.9390 us/op
WorkloadResult  75: 1 op, 3935.00 ns, 3.9350 us/op
WorkloadResult  76: 1 op, 4125.00 ns, 4.1250 us/op
WorkloadResult  77: 1 op, 4145.00 ns, 4.1450 us/op
WorkloadResult  78: 1 op, 4225.00 ns, 4.2250 us/op
WorkloadResult  79: 1 op, 4037.00 ns, 4.0370 us/op
WorkloadResult  80: 1 op, 4228.00 ns, 4.2280 us/op
WorkloadResult  81: 1 op, 3855.00 ns, 3.8550 us/op
WorkloadResult  82: 1 op, 3920.00 ns, 3.9200 us/op
WorkloadResult  83: 1 op, 4047.00 ns, 4.0470 us/op
WorkloadResult  84: 1 op, 3914.00 ns, 3.9140 us/op
WorkloadResult  85: 1 op, 3937.00 ns, 3.9370 us/op
WorkloadResult  86: 1 op, 4173.00 ns, 4.1730 us/op
WorkloadResult  87: 1 op, 3894.00 ns, 3.8940 us/op
WorkloadResult  88: 1 op, 4081.00 ns, 4.0810 us/op
WorkloadResult  89: 1 op, 4172.00 ns, 4.1720 us/op
WorkloadResult  90: 1 op, 3844.00 ns, 3.8440 us/op
WorkloadResult  91: 1 op, 3906.00 ns, 3.9060 us/op
WorkloadResult  92: 1 op, 4029.00 ns, 4.0290 us/op
// GC:  0 0 0 736 1
// Threading:  0 0 1

// AfterAll
// Benchmark Process 256308 has exited with code 0.

Mean = 4.563 μs, StdErr = 0.068 μs (1.49%), N = 92, StdDev = 0.651 μs
Min = 3.844 μs, Q1 = 4.040 μs, Median = 4.404 μs, Q3 = 4.811 μs, Max = 6.222 μs
IQR = 0.771 μs, LowerFence = 2.884 μs, UpperFence = 5.968 μs
ConfidenceInterval = [4.332 μs; 4.794 μs] (CI 99.9%), Margin = 0.231 μs (5.06% of Mean)
Skewness = 1.06, Kurtosis = 3.16, MValue = 3.14

// ** Remained 2 (22.2%) benchmark(s) to run. Estimated finish 2026-05-17 19:31 (0h 0m from now) **
// **************************
// Benchmark: NativeArrayBench.NativeArray_ReadOnly: Job-MTGEDH(InvocationCount=1, UnrollFactor=1) [N=1024]
// *** Execute ***
// Launch: 1 / 1
// Execute: dotnet eee09001-c141-4ddc-853b-7ed6017e7d3a.dll --anonymousPipes 118 119 --benchmarkName "IAFahim.Collections.NoDeps.Bench.NativeArrayBench.NativeArray_ReadOnly(N: 1024)" --job "InvocationCount=1, UnrollFactor=1" --benchmarkId 7 in /home/i/GitHub/IAFahim.CS.New/bench/IAFahim.Collections.NoDeps.Bench/bin/Release/net10.0/eee09001-c141-4ddc-853b-7ed6017e7d3a/bin/Release/net10.0
// Failed to set up high priority (Permission denied). In order to run benchmarks with high priority, make sure you have the right permissions.
// BeforeAnythingElse

// Benchmark Process Environment Information:
// BenchmarkDotNet v0.14.0
// Runtime=.NET 10.0.7 (10.0.726.21808), X64 RyuJIT AVX2
// GC=Concurrent Workstation
// HardwareIntrinsics=AVX2,AES,BMI1,BMI2,FMA,LZCNT,PCLMUL,POPCNT,AvxVnni,SERIALIZE VectorSize=256
// Job: Job-ZEDSWZ(InvocationCount=1, UnrollFactor=1)

OverheadJitting  1: 1 op, 142888.00 ns, 142.8880 us/op
WorkloadJitting  1: 1 op, 579099.00 ns, 579.0990 us/op

OverheadWarmup   1: 1 op, 159.00 ns, 159.0000 ns/op
OverheadWarmup   2: 1 op, 70.00 ns, 70.0000 ns/op
OverheadWarmup   3: 1 op, 37.00 ns, 37.0000 ns/op
OverheadWarmup   4: 1 op, 39.00 ns, 39.0000 ns/op
OverheadWarmup   5: 1 op, 84.00 ns, 84.0000 ns/op
OverheadWarmup   6: 1 op, 36.00 ns, 36.0000 ns/op
OverheadWarmup   7: 1 op, 35.00 ns, 35.0000 ns/op
OverheadWarmup   8: 1 op, 35.00 ns, 35.0000 ns/op
OverheadWarmup   9: 1 op, 53.00 ns, 53.0000 ns/op

OverheadActual   1: 1 op, 153.00 ns, 153.0000 ns/op
OverheadActual   2: 1 op, 154.00 ns, 154.0000 ns/op
OverheadActual   3: 1 op, 154.00 ns, 154.0000 ns/op
OverheadActual   4: 1 op, 52.00 ns, 52.0000 ns/op
OverheadActual   5: 1 op, 142.00 ns, 142.0000 ns/op
OverheadActual   6: 1 op, 45.00 ns, 45.0000 ns/op
OverheadActual   7: 1 op, 35.00 ns, 35.0000 ns/op
OverheadActual   8: 1 op, 35.00 ns, 35.0000 ns/op
OverheadActual   9: 1 op, 41.00 ns, 41.0000 ns/op
OverheadActual  10: 1 op, 36.00 ns, 36.0000 ns/op
OverheadActual  11: 1 op, 33.00 ns, 33.0000 ns/op
OverheadActual  12: 1 op, 39.00 ns, 39.0000 ns/op
OverheadActual  13: 1 op, 53.00 ns, 53.0000 ns/op
OverheadActual  14: 1 op, 44.00 ns, 44.0000 ns/op
OverheadActual  15: 1 op, 35.00 ns, 35.0000 ns/op
OverheadActual  16: 1 op, 39.00 ns, 39.0000 ns/op
OverheadActual  17: 1 op, 40.00 ns, 40.0000 ns/op
OverheadActual  18: 1 op, 129.00 ns, 129.0000 ns/op
OverheadActual  19: 1 op, 56.00 ns, 56.0000 ns/op
OverheadActual  20: 1 op, 58.00 ns, 58.0000 ns/op

WorkloadWarmup   1: 1 op, 40343.00 ns, 40.3430 us/op
WorkloadWarmup   2: 1 op, 167523.00 ns, 167.5230 us/op
WorkloadWarmup   3: 1 op, 23560.00 ns, 23.5600 us/op
WorkloadWarmup   4: 1 op, 22654.00 ns, 22.6540 us/op
WorkloadWarmup   5: 1 op, 22392.00 ns, 22.3920 us/op
WorkloadWarmup   6: 1 op, 22376.00 ns, 22.3760 us/op
WorkloadWarmup   7: 1 op, 22493.00 ns, 22.4930 us/op
WorkloadWarmup   8: 1 op, 29322.00 ns, 29.3220 us/op
WorkloadWarmup   9: 1 op, 334851.00 ns, 334.8510 us/op
WorkloadWarmup  10: 1 op, 20461.00 ns, 20.4610 us/op

// BeforeActualRun
WorkloadActual   1: 1 op, 19904.00 ns, 19.9040 us/op
WorkloadActual   2: 1 op, 18811.00 ns, 18.8110 us/op
WorkloadActual   3: 1 op, 18401.00 ns, 18.4010 us/op
WorkloadActual   4: 1 op, 18431.00 ns, 18.4310 us/op
WorkloadActual   5: 1 op, 17440.00 ns, 17.4400 us/op
WorkloadActual   6: 1 op, 16196.00 ns, 16.1960 us/op
WorkloadActual   7: 1 op, 15054.00 ns, 15.0540 us/op
WorkloadActual   8: 1 op, 15385.00 ns, 15.3850 us/op
WorkloadActual   9: 1 op, 14795.00 ns, 14.7950 us/op
WorkloadActual  10: 1 op, 15351.00 ns, 15.3510 us/op
WorkloadActual  11: 1 op, 14679.00 ns, 14.6790 us/op
WorkloadActual  12: 1 op, 14728.00 ns, 14.7280 us/op
WorkloadActual  13: 1 op, 15300.00 ns, 15.3000 us/op
WorkloadActual  14: 1 op, 15209.00 ns, 15.2090 us/op
WorkloadActual  15: 1 op, 13490.00 ns, 13.4900 us/op
WorkloadActual  16: 1 op, 13038.00 ns, 13.0380 us/op
WorkloadActual  17: 1 op, 13163.00 ns, 13.1630 us/op
WorkloadActual  18: 1 op, 14002.00 ns, 14.0020 us/op
WorkloadActual  19: 1 op, 12888.00 ns, 12.8880 us/op
WorkloadActual  20: 1 op, 13989.00 ns, 13.9890 us/op
WorkloadActual  21: 1 op, 13366.00 ns, 13.3660 us/op
WorkloadActual  22: 1 op, 13205.00 ns, 13.2050 us/op
WorkloadActual  23: 1 op, 13017.00 ns, 13.0170 us/op
WorkloadActual  24: 1 op, 12753.00 ns, 12.7530 us/op
WorkloadActual  25: 1 op, 12346.00 ns, 12.3460 us/op
WorkloadActual  26: 1 op, 12782.00 ns, 12.7820 us/op
WorkloadActual  27: 1 op, 12215.00 ns, 12.2150 us/op
WorkloadActual  28: 1 op, 12920.00 ns, 12.9200 us/op
WorkloadActual  29: 1 op, 12196.00 ns, 12.1960 us/op
WorkloadActual  30: 1 op, 12516.00 ns, 12.5160 us/op
WorkloadActual  31: 1 op, 12014.00 ns, 12.0140 us/op
WorkloadActual  32: 1 op, 12923.00 ns, 12.9230 us/op
WorkloadActual  33: 1 op, 12415.00 ns, 12.4150 us/op
WorkloadActual  34: 1 op, 12802.00 ns, 12.8020 us/op
WorkloadActual  35: 1 op, 12417.00 ns, 12.4170 us/op
WorkloadActual  36: 1 op, 12683.00 ns, 12.6830 us/op
WorkloadActual  37: 1 op, 12584.00 ns, 12.5840 us/op
WorkloadActual  38: 1 op, 12270.00 ns, 12.2700 us/op
WorkloadActual  39: 1 op, 12885.00 ns, 12.8850 us/op
WorkloadActual  40: 1 op, 12522.00 ns, 12.5220 us/op
WorkloadActual  41: 1 op, 12346.00 ns, 12.3460 us/op
WorkloadActual  42: 1 op, 12164.00 ns, 12.1640 us/op
WorkloadActual  43: 1 op, 12339.00 ns, 12.3390 us/op
WorkloadActual  44: 1 op, 12387.00 ns, 12.3870 us/op
WorkloadActual  45: 1 op, 12021.00 ns, 12.0210 us/op
WorkloadActual  46: 1 op, 12464.00 ns, 12.4640 us/op
WorkloadActual  47: 1 op, 12443.00 ns, 12.4430 us/op
WorkloadActual  48: 1 op, 11682.00 ns, 11.6820 us/op
WorkloadActual  49: 1 op, 11329.00 ns, 11.3290 us/op
WorkloadActual  50: 1 op, 11930.00 ns, 11.9300 us/op
WorkloadActual  51: 1 op, 11618.00 ns, 11.6180 us/op
WorkloadActual  52: 1 op, 11528.00 ns, 11.5280 us/op
WorkloadActual  53: 1 op, 12933.00 ns, 12.9330 us/op
WorkloadActual  54: 1 op, 11770.00 ns, 11.7700 us/op
WorkloadActual  55: 1 op, 11189.00 ns, 11.1890 us/op
WorkloadActual  56: 1 op, 10689.00 ns, 10.6890 us/op
WorkloadActual  57: 1 op, 10962.00 ns, 10.9620 us/op
WorkloadActual  58: 1 op, 10998.00 ns, 10.9980 us/op
WorkloadActual  59: 1 op, 10817.00 ns, 10.8170 us/op
WorkloadActual  60: 1 op, 10885.00 ns, 10.8850 us/op
WorkloadActual  61: 1 op, 11029.00 ns, 11.0290 us/op
WorkloadActual  62: 1 op, 11147.00 ns, 11.1470 us/op
WorkloadActual  63: 1 op, 10789.00 ns, 10.7890 us/op
WorkloadActual  64: 1 op, 10760.00 ns, 10.7600 us/op
WorkloadActual  65: 1 op, 11012.00 ns, 11.0120 us/op
WorkloadActual  66: 1 op, 10951.00 ns, 10.9510 us/op
WorkloadActual  67: 1 op, 10952.00 ns, 10.9520 us/op
WorkloadActual  68: 1 op, 11319.00 ns, 11.3190 us/op
WorkloadActual  69: 1 op, 11162.00 ns, 11.1620 us/op
WorkloadActual  70: 1 op, 13243.00 ns, 13.2430 us/op
WorkloadActual  71: 1 op, 11306.00 ns, 11.3060 us/op
WorkloadActual  72: 1 op, 11294.00 ns, 11.2940 us/op
WorkloadActual  73: 1 op, 10963.00 ns, 10.9630 us/op
WorkloadActual  74: 1 op, 11201.00 ns, 11.2010 us/op
WorkloadActual  75: 1 op, 11264.00 ns, 11.2640 us/op
WorkloadActual  76: 1 op, 11132.00 ns, 11.1320 us/op
WorkloadActual  77: 1 op, 11432.00 ns, 11.4320 us/op
WorkloadActual  78: 1 op, 11001.00 ns, 11.0010 us/op
WorkloadActual  79: 1 op, 11289.00 ns, 11.2890 us/op
WorkloadActual  80: 1 op, 11625.00 ns, 11.6250 us/op
WorkloadActual  81: 1 op, 11158.00 ns, 11.1580 us/op
WorkloadActual  82: 1 op, 11194.00 ns, 11.1940 us/op
WorkloadActual  83: 1 op, 11176.00 ns, 11.1760 us/op
WorkloadActual  84: 1 op, 10757.00 ns, 10.7570 us/op
WorkloadActual  85: 1 op, 10686.00 ns, 10.6860 us/op
WorkloadActual  86: 1 op, 10758.00 ns, 10.7580 us/op
WorkloadActual  87: 1 op, 11253.00 ns, 11.2530 us/op
WorkloadActual  88: 1 op, 11159.00 ns, 11.1590 us/op
WorkloadActual  89: 1 op, 11815.00 ns, 11.8150 us/op
WorkloadActual  90: 1 op, 11308.00 ns, 11.3080 us/op
WorkloadActual  91: 1 op, 11019.00 ns, 11.0190 us/op
WorkloadActual  92: 1 op, 11162.00 ns, 11.1620 us/op
WorkloadActual  93: 1 op, 11079.00 ns, 11.0790 us/op
WorkloadActual  94: 1 op, 11189.00 ns, 11.1890 us/op
WorkloadActual  95: 1 op, 10843.00 ns, 10.8430 us/op
WorkloadActual  96: 1 op, 11549.00 ns, 11.5490 us/op
WorkloadActual  97: 1 op, 10838.00 ns, 10.8380 us/op
WorkloadActual  98: 1 op, 10768.00 ns, 10.7680 us/op
WorkloadActual  99: 1 op, 10857.00 ns, 10.8570 us/op
WorkloadActual  100: 1 op, 10903.00 ns, 10.9030 us/op

// AfterActualRun
WorkloadResult   1: 1 op, 15009.50 ns, 15.0095 us/op
WorkloadResult   2: 1 op, 15340.50 ns, 15.3405 us/op
WorkloadResult   3: 1 op, 14750.50 ns, 14.7505 us/op
WorkloadResult   4: 1 op, 15306.50 ns, 15.3065 us/op
WorkloadResult   5: 1 op, 14634.50 ns, 14.6345 us/op
WorkloadResult   6: 1 op, 14683.50 ns, 14.6835 us/op
WorkloadResult   7: 1 op, 15255.50 ns, 15.2555 us/op
WorkloadResult   8: 1 op, 15164.50 ns, 15.1645 us/op
WorkloadResult   9: 1 op, 13445.50 ns, 13.4455 us/op
WorkloadResult  10: 1 op, 12993.50 ns, 12.9935 us/op
WorkloadResult  11: 1 op, 13118.50 ns, 13.1185 us/op
WorkloadResult  12: 1 op, 13957.50 ns, 13.9575 us/op
WorkloadResult  13: 1 op, 12843.50 ns, 12.8435 us/op
WorkloadResult  14: 1 op, 13944.50 ns, 13.9445 us/op
WorkloadResult  15: 1 op, 13321.50 ns, 13.3215 us/op
WorkloadResult  16: 1 op, 13160.50 ns, 13.1605 us/op
WorkloadResult  17: 1 op, 12972.50 ns, 12.9725 us/op
WorkloadResult  18: 1 op, 12708.50 ns, 12.7085 us/op
WorkloadResult  19: 1 op, 12301.50 ns, 12.3015 us/op
WorkloadResult  20: 1 op, 12737.50 ns, 12.7375 us/op
WorkloadResult  21: 1 op, 12170.50 ns, 12.1705 us/op
WorkloadResult  22: 1 op, 12875.50 ns, 12.8755 us/op
WorkloadResult  23: 1 op, 12151.50 ns, 12.1515 us/op
WorkloadResult  24: 1 op, 12471.50 ns, 12.4715 us/op
WorkloadResult  25: 1 op, 11969.50 ns, 11.9695 us/op
WorkloadResult  26: 1 op, 12878.50 ns, 12.8785 us/op
WorkloadResult  27: 1 op, 12370.50 ns, 12.3705 us/op
WorkloadResult  28: 1 op, 12757.50 ns, 12.7575 us/op
WorkloadResult  29: 1 op, 12372.50 ns, 12.3725 us/op
WorkloadResult  30: 1 op, 12638.50 ns, 12.6385 us/op
WorkloadResult  31: 1 op, 12539.50 ns, 12.5395 us/op
WorkloadResult  32: 1 op, 12225.50 ns, 12.2255 us/op
WorkloadResult  33: 1 op, 12840.50 ns, 12.8405 us/op
WorkloadResult  34: 1 op, 12477.50 ns, 12.4775 us/op
WorkloadResult  35: 1 op, 12301.50 ns, 12.3015 us/op
WorkloadResult  36: 1 op, 12119.50 ns, 12.1195 us/op
WorkloadResult  37: 1 op, 12294.50 ns, 12.2945 us/op
WorkloadResult  38: 1 op, 12342.50 ns, 12.3425 us/op
WorkloadResult  39: 1 op, 11976.50 ns, 11.9765 us/op
WorkloadResult  40: 1 op, 12419.50 ns, 12.4195 us/op
WorkloadResult  41: 1 op, 12398.50 ns, 12.3985 us/op
WorkloadResult  42: 1 op, 11637.50 ns, 11.6375 us/op
WorkloadResult  43: 1 op, 11284.50 ns, 11.2845 us/op
WorkloadResult  44: 1 op, 11885.50 ns, 11.8855 us/op
WorkloadResult  45: 1 op, 11573.50 ns, 11.5735 us/op
WorkloadResult  46: 1 op, 11483.50 ns, 11.4835 us/op
WorkloadResult  47: 1 op, 12888.50 ns, 12.8885 us/op
WorkloadResult  48: 1 op, 11725.50 ns, 11.7255 us/op
WorkloadResult  49: 1 op, 11144.50 ns, 11.1445 us/op
WorkloadResult  50: 1 op, 10644.50 ns, 10.6445 us/op
WorkloadResult  51: 1 op, 10917.50 ns, 10.9175 us/op
WorkloadResult  52: 1 op, 10953.50 ns, 10.9535 us/op
WorkloadResult  53: 1 op, 10772.50 ns, 10.7725 us/op
WorkloadResult  54: 1 op, 10840.50 ns, 10.8405 us/op
WorkloadResult  55: 1 op, 10984.50 ns, 10.9845 us/op
WorkloadResult  56: 1 op, 11102.50 ns, 11.1025 us/op
WorkloadResult  57: 1 op, 10744.50 ns, 10.7445 us/op
WorkloadResult  58: 1 op, 10715.50 ns, 10.7155 us/op
WorkloadResult  59: 1 op, 10967.50 ns, 10.9675 us/op
WorkloadResult  60: 1 op, 10906.50 ns, 10.9065 us/op
WorkloadResult  61: 1 op, 10907.50 ns, 10.9075 us/op
WorkloadResult  62: 1 op, 11274.50 ns, 11.2745 us/op
WorkloadResult  63: 1 op, 11117.50 ns, 11.1175 us/op
WorkloadResult  64: 1 op, 13198.50 ns, 13.1985 us/op
WorkloadResult  65: 1 op, 11261.50 ns, 11.2615 us/op
WorkloadResult  66: 1 op, 11249.50 ns, 11.2495 us/op
WorkloadResult  67: 1 op, 10918.50 ns, 10.9185 us/op
WorkloadResult  68: 1 op, 11156.50 ns, 11.1565 us/op
WorkloadResult  69: 1 op, 11219.50 ns, 11.2195 us/op
WorkloadResult  70: 1 op, 11087.50 ns, 11.0875 us/op
WorkloadResult  71: 1 op, 11387.50 ns, 11.3875 us/op
WorkloadResult  72: 1 op, 10956.50 ns, 10.9565 us/op
WorkloadResult  73: 1 op, 11244.50 ns, 11.2445 us/op
WorkloadResult  74: 1 op, 11580.50 ns, 11.5805 us/op
WorkloadResult  75: 1 op, 11113.50 ns, 11.1135 us/op
WorkloadResult  76: 1 op, 11149.50 ns, 11.1495 us/op
WorkloadResult  77: 1 op, 11131.50 ns, 11.1315 us/op
WorkloadResult  78: 1 op, 10712.50 ns, 10.7125 us/op
WorkloadResult  79: 1 op, 10641.50 ns, 10.6415 us/op
WorkloadResult  80: 1 op, 10713.50 ns, 10.7135 us/op
WorkloadResult  81: 1 op, 11208.50 ns, 11.2085 us/op
WorkloadResult  82: 1 op, 11114.50 ns, 11.1145 us/op
WorkloadResult  83: 1 op, 11770.50 ns, 11.7705 us/op
WorkloadResult  84: 1 op, 11263.50 ns, 11.2635 us/op
WorkloadResult  85: 1 op, 10974.50 ns, 10.9745 us/op
WorkloadResult  86: 1 op, 11117.50 ns, 11.1175 us/op
WorkloadResult  87: 1 op, 11034.50 ns, 11.0345 us/op
WorkloadResult  88: 1 op, 11144.50 ns, 11.1445 us/op
WorkloadResult  89: 1 op, 10798.50 ns, 10.7985 us/op
WorkloadResult  90: 1 op, 11504.50 ns, 11.5045 us/op
WorkloadResult  91: 1 op, 10793.50 ns, 10.7935 us/op
WorkloadResult  92: 1 op, 10723.50 ns, 10.7235 us/op
WorkloadResult  93: 1 op, 10812.50 ns, 10.8125 us/op
WorkloadResult  94: 1 op, 10858.50 ns, 10.8585 us/op
// GC:  0 0 0 64 1
// Threading:  0 0 1

// AfterAll
// Benchmark Process 256317 has exited with code 0.

Mean = 12.027 μs, StdErr = 0.128 μs (1.07%), N = 94, StdDev = 1.245 μs
Min = 10.642 μs, Q1 = 11.091 μs, Median = 11.609 μs, Q3 = 12.730 μs, Max = 15.341 μs
IQR = 1.639 μs, LowerFence = 8.633 μs, UpperFence = 15.189 μs
ConfidenceInterval = [11.591 μs; 12.464 μs] (CI 99.9%), Margin = 0.436 μs (3.63% of Mean)
Skewness = 1.09, Kurtosis = 3.43, MValue = 3

// ** Remained 1 (11.1%) benchmark(s) to run. Estimated finish 2026-05-17 19:31 (0h 0m from now) **
// **************************
// Benchmark: NativeArrayBench.NativeArray_Persistent: Job-MTGEDH(InvocationCount=1, UnrollFactor=1) [N=1024]
// *** Execute ***
// Launch: 1 / 1
// Execute: dotnet eee09001-c141-4ddc-853b-7ed6017e7d3a.dll --anonymousPipes 118 119 --benchmarkName "IAFahim.Collections.NoDeps.Bench.NativeArrayBench.NativeArray_Persistent(N: 1024)" --job "InvocationCount=1, UnrollFactor=1" --benchmarkId 8 in /home/i/GitHub/IAFahim.CS.New/bench/IAFahim.Collections.NoDeps.Bench/bin/Release/net10.0/eee09001-c141-4ddc-853b-7ed6017e7d3a/bin/Release/net10.0
// Failed to set up high priority (Permission denied). In order to run benchmarks with high priority, make sure you have the right permissions.
// BeforeAnythingElse

// Benchmark Process Environment Information:
// BenchmarkDotNet v0.14.0
// Runtime=.NET 10.0.7 (10.0.726.21808), X64 RyuJIT AVX2
// GC=Concurrent Workstation
// HardwareIntrinsics=AVX2,AES,BMI1,BMI2,FMA,LZCNT,PCLMUL,POPCNT,AvxVnni,SERIALIZE VectorSize=256
// Job: Job-XEZHKA(InvocationCount=1, UnrollFactor=1)

OverheadJitting  1: 1 op, 142969.00 ns, 142.9690 us/op
WorkloadJitting  1: 1 op, 587087.00 ns, 587.0870 us/op

OverheadWarmup   1: 1 op, 190.00 ns, 190.0000 ns/op
OverheadWarmup   2: 1 op, 124.00 ns, 124.0000 ns/op
OverheadWarmup   3: 1 op, 50.00 ns, 50.0000 ns/op
OverheadWarmup   4: 1 op, 78.00 ns, 78.0000 ns/op
OverheadWarmup   5: 1 op, 160.00 ns, 160.0000 ns/op
OverheadWarmup   6: 1 op, 44.00 ns, 44.0000 ns/op
OverheadWarmup   7: 1 op, 25.00 ns, 25.0000 ns/op
OverheadWarmup   8: 1 op, 25.00 ns, 25.0000 ns/op
OverheadWarmup   9: 1 op, 39.00 ns, 39.0000 ns/op

OverheadActual   1: 1 op, 162.00 ns, 162.0000 ns/op
OverheadActual   2: 1 op, 158.00 ns, 158.0000 ns/op
OverheadActual   3: 1 op, 137.00 ns, 137.0000 ns/op
OverheadActual   4: 1 op, 55.00 ns, 55.0000 ns/op
OverheadActual   5: 1 op, 149.00 ns, 149.0000 ns/op
OverheadActual   6: 1 op, 31.00 ns, 31.0000 ns/op
OverheadActual   7: 1 op, 28.00 ns, 28.0000 ns/op
OverheadActual   8: 1 op, 48.00 ns, 48.0000 ns/op
OverheadActual   9: 1 op, 33.00 ns, 33.0000 ns/op
OverheadActual  10: 1 op, 35.00 ns, 35.0000 ns/op
OverheadActual  11: 1 op, 80.00 ns, 80.0000 ns/op
OverheadActual  12: 1 op, 41.00 ns, 41.0000 ns/op
OverheadActual  13: 1 op, 42.00 ns, 42.0000 ns/op
OverheadActual  14: 1 op, 36.00 ns, 36.0000 ns/op
OverheadActual  15: 1 op, 35.00 ns, 35.0000 ns/op
OverheadActual  16: 1 op, 42.00 ns, 42.0000 ns/op
OverheadActual  17: 1 op, 34.00 ns, 34.0000 ns/op
OverheadActual  18: 1 op, 108.00 ns, 108.0000 ns/op
OverheadActual  19: 1 op, 47.00 ns, 47.0000 ns/op
OverheadActual  20: 1 op, 29.00 ns, 29.0000 ns/op

WorkloadWarmup   1: 1 op, 41603.00 ns, 41.6030 us/op
WorkloadWarmup   2: 1 op, 219370.00 ns, 219.3700 us/op
WorkloadWarmup   3: 1 op, 24747.00 ns, 24.7470 us/op
WorkloadWarmup   4: 1 op, 24357.00 ns, 24.3570 us/op
WorkloadWarmup   5: 1 op, 28187.00 ns, 28.1870 us/op
WorkloadWarmup   6: 1 op, 24113.00 ns, 24.1130 us/op

// BeforeActualRun
WorkloadActual   1: 1 op, 27455.00 ns, 27.4550 us/op
WorkloadActual   2: 1 op, 33398.00 ns, 33.3980 us/op
WorkloadActual   3: 1 op, 359107.00 ns, 359.1070 us/op
WorkloadActual   4: 1 op, 18936.00 ns, 18.9360 us/op
WorkloadActual   5: 1 op, 18110.00 ns, 18.1100 us/op
WorkloadActual   6: 1 op, 17798.00 ns, 17.7980 us/op
WorkloadActual   7: 1 op, 17335.00 ns, 17.3350 us/op
WorkloadActual   8: 1 op, 18063.00 ns, 18.0630 us/op
WorkloadActual   9: 1 op, 17180.00 ns, 17.1800 us/op
WorkloadActual  10: 1 op, 15692.00 ns, 15.6920 us/op
WorkloadActual  11: 1 op, 15328.00 ns, 15.3280 us/op
WorkloadActual  12: 1 op, 15073.00 ns, 15.0730 us/op
WorkloadActual  13: 1 op, 15075.00 ns, 15.0750 us/op
WorkloadActual  14: 1 op, 15330.00 ns, 15.3300 us/op
WorkloadActual  15: 1 op, 14920.00 ns, 14.9200 us/op
WorkloadActual  16: 1 op, 14802.00 ns, 14.8020 us/op
WorkloadActual  17: 1 op, 15077.00 ns, 15.0770 us/op
WorkloadActual  18: 1 op, 15554.00 ns, 15.5540 us/op
WorkloadActual  19: 1 op, 14080.00 ns, 14.0800 us/op
WorkloadActual  20: 1 op, 14122.00 ns, 14.1220 us/op
WorkloadActual  21: 1 op, 13694.00 ns, 13.6940 us/op
WorkloadActual  22: 1 op, 13839.00 ns, 13.8390 us/op
WorkloadActual  23: 1 op, 13411.00 ns, 13.4110 us/op
WorkloadActual  24: 1 op, 14464.00 ns, 14.4640 us/op
WorkloadActual  25: 1 op, 14675.00 ns, 14.6750 us/op
WorkloadActual  26: 1 op, 13885.00 ns, 13.8850 us/op
WorkloadActual  27: 1 op, 13859.00 ns, 13.8590 us/op
WorkloadActual  28: 1 op, 13008.00 ns, 13.0080 us/op
WorkloadActual  29: 1 op, 12814.00 ns, 12.8140 us/op
WorkloadActual  30: 1 op, 12793.00 ns, 12.7930 us/op
WorkloadActual  31: 1 op, 12296.00 ns, 12.2960 us/op
WorkloadActual  32: 1 op, 12758.00 ns, 12.7580 us/op
WorkloadActual  33: 1 op, 12595.00 ns, 12.5950 us/op
WorkloadActual  34: 1 op, 13240.00 ns, 13.2400 us/op
WorkloadActual  35: 1 op, 12866.00 ns, 12.8660 us/op
WorkloadActual  36: 1 op, 12876.00 ns, 12.8760 us/op
WorkloadActual  37: 1 op, 13592.00 ns, 13.5920 us/op
WorkloadActual  38: 1 op, 12996.00 ns, 12.9960 us/op
WorkloadActual  39: 1 op, 12760.00 ns, 12.7600 us/op
WorkloadActual  40: 1 op, 12856.00 ns, 12.8560 us/op
WorkloadActual  41: 1 op, 13470.00 ns, 13.4700 us/op
WorkloadActual  42: 1 op, 13062.00 ns, 13.0620 us/op
WorkloadActual  43: 1 op, 13092.00 ns, 13.0920 us/op
WorkloadActual  44: 1 op, 13017.00 ns, 13.0170 us/op
WorkloadActual  45: 1 op, 12765.00 ns, 12.7650 us/op
WorkloadActual  46: 1 op, 15471.00 ns, 15.4710 us/op
WorkloadActual  47: 1 op, 12744.00 ns, 12.7440 us/op
WorkloadActual  48: 1 op, 12917.00 ns, 12.9170 us/op
WorkloadActual  49: 1 op, 12390.00 ns, 12.3900 us/op
WorkloadActual  50: 1 op, 12692.00 ns, 12.6920 us/op
WorkloadActual  51: 1 op, 18802.00 ns, 18.8020 us/op
WorkloadActual  52: 1 op, 12907.00 ns, 12.9070 us/op
WorkloadActual  53: 1 op, 12271.00 ns, 12.2710 us/op
WorkloadActual  54: 1 op, 12503.00 ns, 12.5030 us/op
WorkloadActual  55: 1 op, 11916.00 ns, 11.9160 us/op
WorkloadActual  56: 1 op, 12890.00 ns, 12.8900 us/op
WorkloadActual  57: 1 op, 12268.00 ns, 12.2680 us/op
WorkloadActual  58: 1 op, 12583.00 ns, 12.5830 us/op
WorkloadActual  59: 1 op, 12026.00 ns, 12.0260 us/op
WorkloadActual  60: 1 op, 11329.00 ns, 11.3290 us/op
WorkloadActual  61: 1 op, 12729.00 ns, 12.7290 us/op
WorkloadActual  62: 1 op, 11533.00 ns, 11.5330 us/op
WorkloadActual  63: 1 op, 11507.00 ns, 11.5070 us/op
WorkloadActual  64: 1 op, 11460.00 ns, 11.4600 us/op
WorkloadActual  65: 1 op, 11921.00 ns, 11.9210 us/op
WorkloadActual  66: 1 op, 11737.00 ns, 11.7370 us/op
WorkloadActual  67: 1 op, 11688.00 ns, 11.6880 us/op
WorkloadActual  68: 1 op, 11864.00 ns, 11.8640 us/op
WorkloadActual  69: 1 op, 11916.00 ns, 11.9160 us/op
WorkloadActual  70: 1 op, 11458.00 ns, 11.4580 us/op
WorkloadActual  71: 1 op, 11967.00 ns, 11.9670 us/op
WorkloadActual  72: 1 op, 11723.00 ns, 11.7230 us/op
WorkloadActual  73: 1 op, 12532.00 ns, 12.5320 us/op
WorkloadActual  74: 1 op, 11580.00 ns, 11.5800 us/op
WorkloadActual  75: 1 op, 11975.00 ns, 11.9750 us/op
WorkloadActual  76: 1 op, 11917.00 ns, 11.9170 us/op
WorkloadActual  77: 1 op, 11459.00 ns, 11.4590 us/op
WorkloadActual  78: 1 op, 12105.00 ns, 12.1050 us/op
WorkloadActual  79: 1 op, 11500.00 ns, 11.5000 us/op
WorkloadActual  80: 1 op, 11508.00 ns, 11.5080 us/op
WorkloadActual  81: 1 op, 11812.00 ns, 11.8120 us/op
WorkloadActual  82: 1 op, 11438.00 ns, 11.4380 us/op
WorkloadActual  83: 1 op, 11934.00 ns, 11.9340 us/op
WorkloadActual  84: 1 op, 11855.00 ns, 11.8550 us/op
WorkloadActual  85: 1 op, 11706.00 ns, 11.7060 us/op
WorkloadActual  86: 1 op, 11679.00 ns, 11.6790 us/op
WorkloadActual  87: 1 op, 11997.00 ns, 11.9970 us/op
WorkloadActual  88: 1 op, 11938.00 ns, 11.9380 us/op
WorkloadActual  89: 1 op, 11677.00 ns, 11.6770 us/op
WorkloadActual  90: 1 op, 12271.00 ns, 12.2710 us/op
WorkloadActual  91: 1 op, 11888.00 ns, 11.8880 us/op
WorkloadActual  92: 1 op, 12062.00 ns, 12.0620 us/op
WorkloadActual  93: 1 op, 11589.00 ns, 11.5890 us/op
WorkloadActual  94: 1 op, 11708.00 ns, 11.7080 us/op
WorkloadActual  95: 1 op, 11811.00 ns, 11.8110 us/op
WorkloadActual  96: 1 op, 11868.00 ns, 11.8680 us/op
WorkloadActual  97: 1 op, 11679.00 ns, 11.6790 us/op
WorkloadActual  98: 1 op, 12119.00 ns, 12.1190 us/op
WorkloadActual  99: 1 op, 11711.00 ns, 11.7110 us/op
WorkloadActual  100: 1 op, 11716.00 ns, 11.7160 us/op

// AfterActualRun
WorkloadResult   1: 1 op, 15650.00 ns, 15.6500 us/op
WorkloadResult   2: 1 op, 15286.00 ns, 15.2860 us/op
WorkloadResult   3: 1 op, 15031.00 ns, 15.0310 us/op
WorkloadResult   4: 1 op, 15033.00 ns, 15.0330 us/op
WorkloadResult   5: 1 op, 15288.00 ns, 15.2880 us/op
WorkloadResult   6: 1 op, 14878.00 ns, 14.8780 us/op
WorkloadResult   7: 1 op, 14760.00 ns, 14.7600 us/op
WorkloadResult   8: 1 op, 15035.00 ns, 15.0350 us/op
WorkloadResult   9: 1 op, 15512.00 ns, 15.5120 us/op
WorkloadResult  10: 1 op, 14038.00 ns, 14.0380 us/op
WorkloadResult  11: 1 op, 14080.00 ns, 14.0800 us/op
WorkloadResult  12: 1 op, 13652.00 ns, 13.6520 us/op
WorkloadResult  13: 1 op, 13797.00 ns, 13.7970 us/op
WorkloadResult  14: 1 op, 13369.00 ns, 13.3690 us/op
WorkloadResult  15: 1 op, 14422.00 ns, 14.4220 us/op
WorkloadResult  16: 1 op, 14633.00 ns, 14.6330 us/op
WorkloadResult  17: 1 op, 13843.00 ns, 13.8430 us/op
WorkloadResult  18: 1 op, 13817.00 ns, 13.8170 us/op
WorkloadResult  19: 1 op, 12966.00 ns, 12.9660 us/op
WorkloadResult  20: 1 op, 12772.00 ns, 12.7720 us/op
WorkloadResult  21: 1 op, 12751.00 ns, 12.7510 us/op
WorkloadResult  22: 1 op, 12254.00 ns, 12.2540 us/op
WorkloadResult  23: 1 op, 12716.00 ns, 12.7160 us/op
WorkloadResult  24: 1 op, 12553.00 ns, 12.5530 us/op
WorkloadResult  25: 1 op, 13198.00 ns, 13.1980 us/op
WorkloadResult  26: 1 op, 12824.00 ns, 12.8240 us/op
WorkloadResult  27: 1 op, 12834.00 ns, 12.8340 us/op
WorkloadResult  28: 1 op, 13550.00 ns, 13.5500 us/op
WorkloadResult  29: 1 op, 12954.00 ns, 12.9540 us/op
WorkloadResult  30: 1 op, 12718.00 ns, 12.7180 us/op
WorkloadResult  31: 1 op, 12814.00 ns, 12.8140 us/op
WorkloadResult  32: 1 op, 13428.00 ns, 13.4280 us/op
WorkloadResult  33: 1 op, 13020.00 ns, 13.0200 us/op
WorkloadResult  34: 1 op, 13050.00 ns, 13.0500 us/op
WorkloadResult  35: 1 op, 12975.00 ns, 12.9750 us/op
WorkloadResult  36: 1 op, 12723.00 ns, 12.7230 us/op
WorkloadResult  37: 1 op, 15429.00 ns, 15.4290 us/op
WorkloadResult  38: 1 op, 12702.00 ns, 12.7020 us/op
WorkloadResult  39: 1 op, 12875.00 ns, 12.8750 us/op
WorkloadResult  40: 1 op, 12348.00 ns, 12.3480 us/op
WorkloadResult  41: 1 op, 12650.00 ns, 12.6500 us/op
WorkloadResult  42: 1 op, 12865.00 ns, 12.8650 us/op
WorkloadResult  43: 1 op, 12229.00 ns, 12.2290 us/op
WorkloadResult  44: 1 op, 12461.00 ns, 12.4610 us/op
WorkloadResult  45: 1 op, 11874.00 ns, 11.8740 us/op
WorkloadResult  46: 1 op, 12848.00 ns, 12.8480 us/op
WorkloadResult  47: 1 op, 12226.00 ns, 12.2260 us/op
WorkloadResult  48: 1 op, 12541.00 ns, 12.5410 us/op
WorkloadResult  49: 1 op, 11984.00 ns, 11.9840 us/op
WorkloadResult  50: 1 op, 11287.00 ns, 11.2870 us/op
WorkloadResult  51: 1 op, 12687.00 ns, 12.6870 us/op
WorkloadResult  52: 1 op, 11491.00 ns, 11.4910 us/op
WorkloadResult  53: 1 op, 11465.00 ns, 11.4650 us/op
WorkloadResult  54: 1 op, 11418.00 ns, 11.4180 us/op
WorkloadResult  55: 1 op, 11879.00 ns, 11.8790 us/op
WorkloadResult  56: 1 op, 11695.00 ns, 11.6950 us/op
WorkloadResult  57: 1 op, 11646.00 ns, 11.6460 us/op
WorkloadResult  58: 1 op, 11822.00 ns, 11.8220 us/op
WorkloadResult  59: 1 op, 11874.00 ns, 11.8740 us/op
WorkloadResult  60: 1 op, 11416.00 ns, 11.4160 us/op
WorkloadResult  61: 1 op, 11925.00 ns, 11.9250 us/op
WorkloadResult  62: 1 op, 11681.00 ns, 11.6810 us/op
WorkloadResult  63: 1 op, 12490.00 ns, 12.4900 us/op
WorkloadResult  64: 1 op, 11538.00 ns, 11.5380 us/op
WorkloadResult  65: 1 op, 11933.00 ns, 11.9330 us/op
WorkloadResult  66: 1 op, 11875.00 ns, 11.8750 us/op
WorkloadResult  67: 1 op, 11417.00 ns, 11.4170 us/op
WorkloadResult  68: 1 op, 12063.00 ns, 12.0630 us/op
WorkloadResult  69: 1 op, 11458.00 ns, 11.4580 us/op
WorkloadResult  70: 1 op, 11466.00 ns, 11.4660 us/op
WorkloadResult  71: 1 op, 11770.00 ns, 11.7700 us/op
WorkloadResult  72: 1 op, 11396.00 ns, 11.3960 us/op
WorkloadResult  73: 1 op, 11892.00 ns, 11.8920 us/op
WorkloadResult  74: 1 op, 11813.00 ns, 11.8130 us/op
WorkloadResult  75: 1 op, 11664.00 ns, 11.6640 us/op
WorkloadResult  76: 1 op, 11637.00 ns, 11.6370 us/op
WorkloadResult  77: 1 op, 11955.00 ns, 11.9550 us/op
WorkloadResult  78: 1 op, 11896.00 ns, 11.8960 us/op
WorkloadResult  79: 1 op, 11635.00 ns, 11.6350 us/op
WorkloadResult  80: 1 op, 12229.00 ns, 12.2290 us/op
WorkloadResult  81: 1 op, 11846.00 ns, 11.8460 us/op
WorkloadResult  82: 1 op, 12020.00 ns, 12.0200 us/op
WorkloadResult  83: 1 op, 11547.00 ns, 11.5470 us/op
WorkloadResult  84: 1 op, 11666.00 ns, 11.6660 us/op
WorkloadResult  85: 1 op, 11769.00 ns, 11.7690 us/op
WorkloadResult  86: 1 op, 11826.00 ns, 11.8260 us/op
WorkloadResult  87: 1 op, 11637.00 ns, 11.6370 us/op
WorkloadResult  88: 1 op, 12077.00 ns, 12.0770 us/op
WorkloadResult  89: 1 op, 11669.00 ns, 11.6690 us/op
WorkloadResult  90: 1 op, 11674.00 ns, 11.6740 us/op
// GC:  0 0 0 64 1
// Threading:  0 0 1

// AfterAll
// Benchmark Process 256326 has exited with code 0.

Mean = 12.682 μs, StdErr = 0.123 μs (0.97%), N = 90, StdDev = 1.171 μs
Min = 11.287 μs, Q1 = 11.781 μs, Median = 12.405 μs, Q3 = 13.043 μs, Max = 15.650 μs
IQR = 1.262 μs, LowerFence = 9.888 μs, UpperFence = 14.935 μs
ConfidenceInterval = [12.262 μs; 13.102 μs] (CI 99.9%), Margin = 0.420 μs (3.31% of Mean)
Skewness = 1.02, Kurtosis = 3, MValue = 3.03

// ** Remained 0 (0.0%) benchmark(s) to run. Estimated finish 2026-05-17 19:31 (0h 0m from now) **
// ***** BenchmarkRunner: Finish  *****

// * Export *
  BenchmarkDotNet.Artifacts/results/IAFahim.Collections.NoDeps.Bench.NativeArrayBench-report.csv
  BenchmarkDotNet.Artifacts/results/IAFahim.Collections.NoDeps.Bench.NativeArrayBench-report-github.md
  BenchmarkDotNet.Artifacts/results/IAFahim.Collections.NoDeps.Bench.NativeArrayBench-report.html

// * Detailed results *
NativeArrayBench.DirectPointer: Job-MTGEDH(InvocationCount=1, UnrollFactor=1) [N=64]
Runtime = .NET 10.0.7 (10.0.726.21808), X64 RyuJIT AVX2; GC = Concurrent Workstation
Mean = 385.214 ns, StdErr = 1.987 ns (0.52%), N = 14, StdDev = 7.434 ns
Min = 374.000 ns, Q1 = 378.500 ns, Median = 385.500 ns, Q3 = 390.000 ns, Max = 400.000 ns
IQR = 11.500 ns, LowerFence = 361.250 ns, UpperFence = 407.250 ns
ConfidenceInterval = [376.829 ns; 393.600 ns] (CI 99.9%), Margin = 8.386 ns (2.18% of Mean)
Skewness = 0.17, Kurtosis = 1.91, MValue = 2
-------------------- Histogram --------------------
[372.952 ns ; 381.048 ns) | @@@@@
[381.048 ns ; 391.048 ns) | @@@@@@@
[391.048 ns ; 400.048 ns) | @@
---------------------------------------------------

NativeArrayBench.NativeArray_ReadOnly: Job-MTGEDH(InvocationCount=1, UnrollFactor=1) [N=64]
Runtime = .NET 10.0.7 (10.0.726.21808), X64 RyuJIT AVX2; GC = Concurrent Workstation
Mean = 2.469 μs, StdErr = 0.012 μs (0.48%), N = 14, StdDev = 0.044 μs
Min = 2.405 μs, Q1 = 2.432 μs, Median = 2.467 μs, Q3 = 2.507 μs, Max = 2.526 μs
IQR = 0.076 μs, LowerFence = 2.318 μs, UpperFence = 2.621 μs
ConfidenceInterval = [2.419 μs; 2.519 μs] (CI 99.9%), Margin = 0.050 μs (2.02% of Mean)
Skewness = -0.04, Kurtosis = 1.24, MValue = 2
-------------------- Histogram --------------------
[2.401 μs ; 2.528 μs) | @@@@@@@@@@@@@@
---------------------------------------------------

NativeArrayBench.NativeArray_Persistent: Job-MTGEDH(InvocationCount=1, UnrollFactor=1) [N=64]
Runtime = .NET 10.0.7 (10.0.726.21808), X64 RyuJIT AVX2; GC = Concurrent Workstation
Mean = 3.403 μs, StdErr = 0.015 μs (0.43%), N = 14, StdDev = 0.055 μs
Min = 3.264 μs, Q1 = 3.383 μs, Median = 3.413 μs, Q3 = 3.443 μs, Max = 3.475 μs
IQR = 0.060 μs, LowerFence = 3.293 μs, UpperFence = 3.532 μs
ConfidenceInterval = [3.340 μs; 3.465 μs] (CI 99.9%), Margin = 0.062 μs (1.83% of Mean)
Skewness = -0.97, Kurtosis = 3.4, MValue = 2
-------------------- Histogram --------------------
[3.234 μs ; 3.362 μs) | @@
[3.362 μs ; 3.506 μs) | @@@@@@@@@@@@
---------------------------------------------------

NativeArrayBench.DirectPointer: Job-MTGEDH(InvocationCount=1, UnrollFactor=1) [N=256]
Runtime = .NET 10.0.7 (10.0.726.21808), X64 RyuJIT AVX2; GC = Concurrent Workstation
Mean = 1.522 μs, StdErr = 0.005 μs (0.31%), N = 14, StdDev = 0.018 μs
Min = 1.498 μs, Q1 = 1.513 μs, Median = 1.517 μs, Q3 = 1.532 μs, Max = 1.560 μs
IQR = 0.019 μs, LowerFence = 1.484 μs, UpperFence = 1.561 μs
ConfidenceInterval = [1.502 μs; 1.542 μs] (CI 99.9%), Margin = 0.020 μs (1.33% of Mean)
Skewness = 0.64, Kurtosis = 2.41, MValue = 2
-------------------- Histogram --------------------
[1.494 μs ; 1.570 μs) | @@@@@@@@@@@@@@
---------------------------------------------------

NativeArrayBench.NativeArray_ReadOnly: Job-MTGEDH(InvocationCount=1, UnrollFactor=1) [N=256]
Runtime = .NET 10.0.7 (10.0.726.21808), X64 RyuJIT AVX2; GC = Concurrent Workstation
Mean = 8.836 μs, StdErr = 0.107 μs (1.22%), N = 96, StdDev = 1.052 μs
Min = 7.262 μs, Q1 = 7.886 μs, Median = 8.820 μs, Q3 = 9.727 μs, Max = 12.324 μs
IQR = 1.841 μs, LowerFence = 5.125 μs, UpperFence = 12.489 μs
ConfidenceInterval = [8.471 μs; 9.200 μs] (CI 99.9%), Margin = 0.365 μs (4.13% of Mean)
Skewness = 0.64, Kurtosis = 3.35, MValue = 3.96
-------------------- Histogram --------------------
[ 6.960 μs ;  7.587 μs) | @@@@@@
[ 7.587 μs ;  8.191 μs) | @@@@@@@@@@@@@@@@@@@@@@@@@@@@@@@@@@@
[ 8.191 μs ;  8.808 μs) | @@@@@@
[ 8.808 μs ;  9.429 μs) | @@@@@@@@@@@
[ 9.429 μs ; 10.032 μs) | @@@@@@@@@@@@@@@@@@@@@@@@@@@@@@@@@@@
[10.032 μs ; 10.388 μs) | 
[10.388 μs ; 10.992 μs) | @
[10.992 μs ; 11.595 μs) | 
[11.595 μs ; 12.018 μs) | 
[12.018 μs ; 12.626 μs) | @@
---------------------------------------------------

NativeArrayBench.NativeArray_Persistent: Job-MTGEDH(InvocationCount=1, UnrollFactor=1) [N=256]
Runtime = .NET 10.0.7 (10.0.726.21808), X64 RyuJIT AVX2; GC = Concurrent Workstation
Mean = 9.262 μs, StdErr = 0.090 μs (0.97%), N = 95, StdDev = 0.879 μs
Min = 7.939 μs, Q1 = 8.454 μs, Median = 9.191 μs, Q3 = 10.007 μs, Max = 12.403 μs
IQR = 1.552 μs, LowerFence = 6.126 μs, UpperFence = 12.336 μs
ConfidenceInterval = [8.955 μs; 9.568 μs] (CI 99.9%), Margin = 0.306 μs (3.31% of Mean)
Skewness = 0.63, Kurtosis = 2.99, MValue = 3.06
-------------------- Histogram --------------------
[ 7.686 μs ;  8.247 μs) | @@@@@
[ 8.247 μs ;  8.753 μs) | @@@@@@@@@@@@@@@@@@@@@@@@@@@@@@@@@@@
[ 8.753 μs ;  9.171 μs) | @@@@@@@
[ 9.171 μs ;  9.676 μs) | @@@@@@@@@@@@@
[ 9.676 μs ; 10.293 μs) | @@@@@@@@@@@@@@@@@@@@@@@@@
[10.293 μs ; 10.969 μs) | @@@@@@@@
[10.969 μs ; 11.474 μs) | @
[11.474 μs ; 12.151 μs) | 
[12.151 μs ; 12.656 μs) | @
---------------------------------------------------

NativeArrayBench.DirectPointer: Job-MTGEDH(InvocationCount=1, UnrollFactor=1) [N=1024]
Runtime = .NET 10.0.7 (10.0.726.21808), X64 RyuJIT AVX2; GC = Concurrent Workstation
Mean = 4.563 μs, StdErr = 0.068 μs (1.49%), N = 92, StdDev = 0.651 μs
Min = 3.844 μs, Q1 = 4.040 μs, Median = 4.404 μs, Q3 = 4.811 μs, Max = 6.222 μs
IQR = 0.771 μs, LowerFence = 2.884 μs, UpperFence = 5.968 μs
ConfidenceInterval = [4.332 μs; 4.794 μs] (CI 99.9%), Margin = 0.231 μs (5.06% of Mean)
Skewness = 1.06, Kurtosis = 3.16, MValue = 3.14
-------------------- Histogram --------------------
[3.655 μs ; 3.890 μs) | @@@
[3.890 μs ; 4.269 μs) | @@@@@@@@@@@@@@@@@@@@@@@@@@@@@@@@@@@@@@@@@
[4.269 μs ; 4.485 μs) | @@@
[4.485 μs ; 4.863 μs) | @@@@@@@@@@@@@@@@@@@@@@@
[4.863 μs ; 5.199 μs) | @@@@@@@@@
[5.199 μs ; 5.373 μs) | 
[5.373 μs ; 5.739 μs) | @@
[5.739 μs ; 6.118 μs) | @@@@@@@@@
[6.118 μs ; 6.411 μs) | @@
---------------------------------------------------

NativeArrayBench.NativeArray_ReadOnly: Job-MTGEDH(InvocationCount=1, UnrollFactor=1) [N=1024]
Runtime = .NET 10.0.7 (10.0.726.21808), X64 RyuJIT AVX2; GC = Concurrent Workstation
Mean = 12.027 μs, StdErr = 0.128 μs (1.07%), N = 94, StdDev = 1.245 μs
Min = 10.642 μs, Q1 = 11.091 μs, Median = 11.609 μs, Q3 = 12.730 μs, Max = 15.341 μs
IQR = 1.639 μs, LowerFence = 8.633 μs, UpperFence = 15.189 μs
ConfidenceInterval = [11.591 μs; 12.464 μs] (CI 99.9%), Margin = 0.436 μs (3.63% of Mean)
Skewness = 1.09, Kurtosis = 3.43, MValue = 3
-------------------- Histogram --------------------
[10.604 μs ; 11.468 μs) | @@@@@@@@@@@@@@@@@@@@@@@@@@@@@@@@@@@@@@@@@@@
[11.468 μs ; 12.285 μs) | @@@@@@@@@@@@@@
[12.285 μs ; 13.003 μs) | @@@@@@@@@@@@@@@@@@@@@@
[13.003 μs ; 13.641 μs) | @@@@@
[13.641 μs ; 14.310 μs) | @@
[14.310 μs ; 14.628 μs) | 
[14.628 μs ; 15.347 μs) | @@@@@@@@
---------------------------------------------------

NativeArrayBench.NativeArray_Persistent: Job-MTGEDH(InvocationCount=1, UnrollFactor=1) [N=1024]
Runtime = .NET 10.0.7 (10.0.726.21808), X64 RyuJIT AVX2; GC = Concurrent Workstation
Mean = 12.682 μs, StdErr = 0.123 μs (0.97%), N = 90, StdDev = 1.171 μs
Min = 11.287 μs, Q1 = 11.781 μs, Median = 12.405 μs, Q3 = 13.043 μs, Max = 15.650 μs
IQR = 1.262 μs, LowerFence = 9.888 μs, UpperFence = 14.935 μs
ConfidenceInterval = [12.262 μs; 13.102 μs] (CI 99.9%), Margin = 0.420 μs (3.31% of Mean)
Skewness = 1.02, Kurtosis = 3, MValue = 3.03
-------------------- Histogram --------------------
[10.944 μs ; 11.394 μs) | @
[11.394 μs ; 12.079 μs) | @@@@@@@@@@@@@@@@@@@@@@@@@@@@@@@@@@@@@@@
[12.079 μs ; 12.413 μs) | @@@@@
[12.413 μs ; 13.098 μs) | @@@@@@@@@@@@@@@@@@@@@@@
[13.098 μs ; 13.863 μs) | @@@@@@@@
[13.863 μs ; 14.307 μs) | @@
[14.307 μs ; 14.998 μs) | @@@@
[14.998 μs ; 15.683 μs) | @@@@@@@@
---------------------------------------------------

// * Summary *

BenchmarkDotNet v0.14.0, Ubuntu 26.04 LTS (Resolute Raccoon)
Intel Core i9-14900K, 1 CPU, 32 logical and 24 physical cores
.NET SDK 10.0.107
  [Host]     : .NET 10.0.7 (10.0.726.21808), X64 RyuJIT AVX2
  Job-MTGEDH : .NET 10.0.7 (10.0.726.21808), X64 RyuJIT AVX2

InvocationCount=1  UnrollFactor=1  

| Method                 | N    | Mean        | Error     | StdDev      | Median      | Ratio | RatioSD | Allocated | Alloc Ratio |
|----------------------- |----- |------------:|----------:|------------:|------------:|------:|--------:|----------:|------------:|
| DirectPointer          | 64   |    385.2 ns |   8.39 ns |     7.43 ns |    385.5 ns |  1.00 |    0.03 |         - |          NA |
| NativeArray_ReadOnly   | 64   |  2,468.9 ns |  49.95 ns |    44.28 ns |  2,467.0 ns |  6.41 |    0.16 |         - |          NA |
| NativeArray_Persistent | 64   |  3,402.9 ns |  62.40 ns |    55.32 ns |  3,413.0 ns |  8.84 |    0.22 |         - |          NA |
|                        |      |             |           |             |             |       |         |           |             |
| DirectPointer          | 256  |  1,522.2 ns |  20.21 ns |    17.92 ns |  1,517.0 ns |  1.00 |    0.02 |         - |          NA |
| NativeArray_ReadOnly   | 256  |  8,835.7 ns | 364.75 ns | 1,052.40 ns |  8,820.0 ns |  5.81 |    0.69 |         - |          NA |
| NativeArray_Persistent | 256  |  9,261.6 ns | 306.19 ns |   878.51 ns |  9,190.5 ns |  6.09 |    0.58 |         - |          NA |
|                        |      |             |           |             |             |       |         |           |             |
| DirectPointer          | 1024 |  4,563.4 ns | 230.96 ns |   651.43 ns |  4,403.5 ns |  1.02 |    0.19 |         - |          NA |
| NativeArray_ReadOnly   | 1024 | 12,027.2 ns | 436.43 ns | 1,245.15 ns | 11,609.0 ns |  2.68 |    0.44 |         - |          NA |
| NativeArray_Persistent | 1024 | 12,682.2 ns | 419.91 ns | 1,170.54 ns | 12,404.5 ns |  2.83 |    0.44 |         - |          NA |

// * Warnings *
MinIterationTime
  NativeArrayBench.DirectPointer: InvocationCount=1, UnrollFactor=1          -> The minimum observed iteration time is 421ns which is very small. It's recommended to increase it to at least 100ms using more operations.
  NativeArrayBench.NativeArray_ReadOnly: InvocationCount=1, UnrollFactor=1   -> The minimum observed iteration time is 2.437μs which is very small. It's recommended to increase it to at least 100ms using more operations.
  NativeArrayBench.NativeArray_Persistent: InvocationCount=1, UnrollFactor=1 -> The minimum observed iteration time is 3.348μs which is very small. It's recommended to increase it to at least 100ms using more operations.
  NativeArrayBench.DirectPointer: InvocationCount=1, UnrollFactor=1          -> The minimum observed iteration time is 1.553μs which is very small. It's recommended to increase it to at least 100ms using more operations.
  NativeArrayBench.NativeArray_ReadOnly: InvocationCount=1, UnrollFactor=1   -> The minimum observed iteration time is 7.308μs which is very small. It's recommended to increase it to at least 100ms using more operations.
  NativeArrayBench.NativeArray_Persistent: InvocationCount=1, UnrollFactor=1 -> The minimum observed iteration time is 7.984μs which is very small. It's recommended to increase it to at least 100ms using more operations.
  NativeArrayBench.DirectPointer: InvocationCount=1, UnrollFactor=1          -> The minimum observed iteration time is 3.89μs which is very small. It's recommended to increase it to at least 100ms using more operations.
  NativeArrayBench.NativeArray_ReadOnly: InvocationCount=1, UnrollFactor=1   -> The minimum observed iteration time is 10.686μs which is very small. It's recommended to increase it to at least 100ms using more operations.
  NativeArrayBench.NativeArray_Persistent: InvocationCount=1, UnrollFactor=1 -> The minimum observed iteration time is 11.329μs which is very small. It's recommended to increase it to at least 100ms using more operations.
MultimodalDistribution
  NativeArrayBench.NativeArray_ReadOnly: InvocationCount=1, UnrollFactor=1   -> It seems that the distribution is bimodal (mValue = 3.96)
  NativeArrayBench.NativeArray_Persistent: InvocationCount=1, UnrollFactor=1 -> It seems that the distribution can have several modes (mValue = 3.06)
  NativeArrayBench.DirectPointer: InvocationCount=1, UnrollFactor=1          -> It seems that the distribution can have several modes (mValue = 3.14)
  NativeArrayBench.NativeArray_ReadOnly: InvocationCount=1, UnrollFactor=1   -> It seems that the distribution can have several modes (mValue = 3)
  NativeArrayBench.NativeArray_Persistent: InvocationCount=1, UnrollFactor=1 -> It seems that the distribution can have several modes (mValue = 3.03)

// * Hints *
Outliers
  NativeArrayBench.DirectPointer: InvocationCount=1, UnrollFactor=1          -> 2 outliers were removed (459.00 ns, 591.00 ns)
  NativeArrayBench.NativeArray_ReadOnly: InvocationCount=1, UnrollFactor=1   -> 1 outlier  was  removed (3.27 μs)
  NativeArrayBench.NativeArray_Persistent: InvocationCount=1, UnrollFactor=1 -> 3 outliers were removed, 4 outliers were detected (3.35 μs, 3.67 μs..4.63 μs)
  NativeArrayBench.DirectPointer: InvocationCount=1, UnrollFactor=1          -> 1 outlier  was  removed (1.74 μs)
  NativeArrayBench.NativeArray_ReadOnly: InvocationCount=1, UnrollFactor=1   -> 4 outliers were removed (12.60 μs..14.87 μs)
  NativeArrayBench.NativeArray_Persistent: InvocationCount=1, UnrollFactor=1 -> 5 outliers were removed (12.62 μs..14.64 μs)
  NativeArrayBench.DirectPointer: InvocationCount=1, UnrollFactor=1          -> 8 outliers were removed (6.63 μs..12.12 μs)
  NativeArrayBench.NativeArray_ReadOnly: InvocationCount=1, UnrollFactor=1   -> 6 outliers were removed (16.20 μs..19.90 μs)
  NativeArrayBench.NativeArray_Persistent: InvocationCount=1, UnrollFactor=1 -> 10 outliers were removed (17.18 μs..359.11 μs)

// * Legends *
  N           : Value of the 'N' parameter
  Mean        : Arithmetic mean of all measurements
  Error       : Half of 99.9% confidence interval
  StdDev      : Standard deviation of all measurements
  Median      : Value separating the higher half of all measurements (50th percentile)
  Ratio       : Mean of the ratio distribution ([Current]/[Baseline])
  RatioSD     : Standard deviation of the ratio distribution ([Current]/[Baseline])
  Allocated   : Allocated memory per single operation (managed only, inclusive, 1KB = 1024B)
  Alloc Ratio : Allocated memory ratio distribution ([Current]/[Baseline])
  1 ns        : 1 Nanosecond (0.000000001 sec)

// * Diagnostic Output - MemoryDiagnoser *


// ***** BenchmarkRunner: End *****
Run time: 00:00:00 (0.99 sec), executed benchmarks: 9

Global total time: 00:00:06 (6.02 sec), executed benchmarks: 9
// * Artifacts cleanup *
Artifacts cleanup is finished
